会员号,手机号,等级
1,16106206013,普通
2,17022958978,银卡
3,13717053639,金卡
4,16275682684,普通
5,19310483530,普通
6,14083020638,银卡
7,13804163414,金卡
8,16039844309,普通
9,19486320291,普通
10,13923374922,银卡
11,14618147630,金卡
12,15204611123,普通
13,15265784869,普通
14,19705843232,银卡
15,14210409733,金卡
16,14099833752,普通
17,18219952511,普通
18,17469014374,银卡
19,15636848691,金卡
20,15818539419,普通
21,14864250290,普通
22,14861533736,银卡
23,15831512879,金卡
24,19743035385,普通
25,16137352165,普通
26,18923555402,银卡
27,13320664270,金卡
28,16188792328,普通
29,19282233433,普通
30,15702377539,银卡
31,16116293151,金卡
32,16598898006,普通
33,16022536487,普通
34,17727723901,银卡
35,15000635828,金卡
36,18835316550,普通
37,18648798699,普通
38,19550593221,银卡
39,18899809733,金卡
40,18252052047,普通
41,14070164757,普通
42,16405520648,银卡
43,19649592934,金卡
44,14528589560,普通
45,16519541434,普通
46,16561083278,银卡
47,13042983757,金卡
48,18978545170,普通
49,16243684846,普通
50,13743613569,银卡
51,14147519812,金卡
52,13663289156,普通
53,19403737239,普通
54,16999539978,银卡
55,14684619194,金卡
56,18003364123,普通
57,19093514401,普通
58,13943101948,银卡
59,16175009292,金卡
60,15911457765,普通
61,16998086435,普通
62,14852116965,银卡
63,15885008273,金卡
64,14987827643,普通
65,13897273349,普通
66,18070962823,银卡
67,13701669257,金卡
68,17343122242,普通
69,16919935246,普通
70,17446128315,银卡
71,18970936754,金卡
72,14289477527,普通
73,14776231417,普通
74,17843754272,银卡
75,16656148284,金卡
76,18276974744,普通
77,17488038791,普通
78,17367409397,银卡
79,14368808689,金卡
80,13971969394,普通
81,13259628725,普通
82,13011706860,银卡
83,18546039526,金卡
84,15553075238,普通
85,15836720755,普通
86,19946784185,银卡
87,19612239436,金卡
88,19829541443,普通
89,15264070180,普通
90,14891165170,银卡
91,19911597992,金卡
92,19224917110,普通
93,19967172898,普通
94,14414386819,银卡
95,16983412392,金卡
96,17949622085,普通
97,16562469789,普通
98,14722820860,银卡
99,18332470397,金卡
100,13748348170,普通
101,16349755122,普通
102,13729953118,银卡
103,14657536976,金卡
104,19714486974,普通
105,17675598807,普通
106,15541244482,银卡
107,15789315383,金卡
108,16332727805,普通
109,18401923886,普通
110,16381068140,银卡
111,19982914585,金卡
112,19540462048,普通
113,13985001507,普通
114,16325435275,银卡
115,19726877649,金卡
116,18700621697,普通
117,14716617982,普通
118,18803512767,银卡
119,17791418980,金卡
120,13836116909,普通
121,14699934096,普通
122,13331572024,银卡
123,16613558355,金卡
124,19104205563,普通
125,19182374714,普通
126,15178942166,银卡
127,18829785137,金卡
128,19750105973,普通
129,17850751617,普通
130,14228934645,银卡
131,19095359631,金卡
132,14135569843,普通
133,13310842438,普通
134,13710036573,银卡
135,13495073730,金卡
136,19357976362,普通
137,19372119764,普通
138,17237798731,银卡
139,14334970748,金卡
140,14987936558,普通
141,19330056866,普通
142,13751519777,银卡
143,14855319476,金卡
144,15888410583,普通
145,19524906227,普通
146,14213676831,银卡
147,18935679951,金卡
148,18794960966,普通
149,16928336440,普通
150,18552616420,银卡
151,19704649890,金卡
152,16689467968,普通
153,13014339140,普通
154,16356205140,银卡
155,14330311688,金卡
156,14970241844,普通
157,17264281758,普通
158,13659428598,银卡
159,19599964252,金卡
160,18118704244,普通
161,14456368879,普通
162,13343871424,银卡
163,15576862903,金卡
164,15089271791,普通
165,18355816224,普通
166,16672825735,银卡
167,18225791750,金卡
168,18547671308,普通
169,14126742914,普通
170,13162033271,银卡
171,16363668078,金卡
172,14307792416,普通
173,15373484957,普通
174,13092986684,银卡
175,13404840927,金卡
176,17923036834,普通
177,14709249555,普通
178,13454224960,银卡
179,18137746488,金卡
180,16987548751,普通
181,14867073630,普通
182,16247158648,银卡
183,13941159446,金卡
184,18181079257,普通
185,17536637982,普通
186,17657518989,银卡
187,15344278191,金卡
188,15677117485,普通
189,19621122885,普通
190,15775759434,银卡
191,14814949684,金卡
192,15927040444,普通
193,13161300948,普通
194,16251749857,银卡
195,18478917963,金卡
196,17836115824,普通
197,18791503472,普通
198,13095404618,银卡
199,17057328488,金卡
200,14376420955,普通
201,18393249511,普通
202,17772153979,银卡
203,13103459851,金卡
204,19771751649,普通
205,16333788159,普通
206,19729625023,银卡
207,15648996565,金卡
208,17130690210,普通
209,18490854962,普通
210,15228882844,银卡
211,14058717700,金卡
212,18121304361,普通
213,16197952141,普通
214,13205927788,银卡
215,18534000285,金卡
216,15738910804,普通
217,18546553418,普通
218,16935070241,银卡
219,16146728115,金卡
220,18002691775,普通
221,19926991130,普通
222,15555427291,银卡
223,16338407618,金卡
224,14421156922,普通
225,16030889154,普通
226,14670302226,银卡
227,18409220674,金卡
228,14125056772,普通
229,17651541150,普通
230,15297915751,银卡
231,18610153515,金卡
232,17707810646,普通
233,18716902098,普通
234,16604127368,银卡
235,14502010592,金卡
236,16849159813,普通
237,19947817521,普通
238,15944759683,银卡
239,18526334894,金卡
240,16516289311,普通
241,14578311331,普通
242,13086275273,银卡
243,19468691961,金卡
244,19220911643,普通
245,18098699901,普通
246,15262528813,银卡
247,13822672999,金卡
248,13373933080,普通
249,13678431533,普通
250,17369285675,银卡
251,16692702151,金卡
252,19565125816,普通
253,18695530274,普通
254,17339231975,银卡
255,17174991796,金卡
256,15535778909,普通
257,16167051103,普通
258,14691063922,银卡
259,13209420398,金卡
260,15884435697,普通
261,13676230049,普通
262,19817411365,银卡
263,13418947586,金卡
264,19317328240,普通
265,17349407632,普通
266,14789323199,银卡
267,17077869722,金卡
268,13439413852,普通
269,16412435524,普通
270,17166106799,银卡
271,15056840809,金卡
272,13993560703,普通
273,16618296325,普通
274,16891308625,银卡
275,15495404110,金卡
276,18057509216,普通
277,13220399704,普通
278,15684168421,银卡
279,19935533392,金卡
280,17039072289,普通
281,15676011214,普通
282,16779552556,银卡
283,19072608530,金卡
284,14214451379,普通
285,19380739644,普通
286,14950152717,银卡
287,19232607707,金卡
288,15887144646,普通
289,14067255761,普通
290,14094087281,银卡
291,19330051964,金卡
292,14974801679,普通
293,16716096492,普通
294,18536122440,银卡
295,13376832945,金卡
296,16801020771,普通
297,14520354709,普通
298,18290857077,银卡
299,15070374130,金卡
300,17672299779,普通
301,13635442344,普通
302,14859165589,银卡
303,15768010301,金卡
304,18263553577,普通
305,16946378065,普通
306,13709758580,银卡
307,18032958910,金卡
308,13701702202,普通
309,17229598390,普通
310,14142103541,银卡
311,17105895563,金卡
312,13203665053,普通
313,17319637022,普通
314,18529804521,银卡
315,14490135125,金卡
316,16787775098,普通
317,16645182215,普通
318,16073634130,银卡
319,13618989519,金卡
320,19440091055,普通
321,19554970954,普通
322,19108481483,银卡
323,13515188780,金卡
324,16349722774,普通
325,15918133517,普通
326,13464321093,银卡
327,19557950531,金卡
328,19922317812,普通
329,14550237410,普通
330,18760815005,银卡
331,18216831271,金卡
332,18315411036,普通
333,14433612086,普通
334,13187854968,银卡
335,15338806471,金卡
336,18752680769,普通
337,16515911526,普通
338,19770775116,银卡
339,18755864351,金卡
340,19352013314,普通
341,15411402510,普通
342,14866364638,银卡
343,15487900352,金卡
344,15412040536,普通
345,18537276016,普通
346,17646788133,银卡
347,14196590825,金卡
348,16093887288,普通
349,16001363741,普通
350,15831210045,银卡
351,17784561065,金卡
352,14491075499,普通
353,16654682621,普通
354,13111803961,银卡
355,18590144534,金卡
356,16102433365,普通
357,14670680797,普通
358,16559565791,银卡
359,14112148006,金卡
360,14595021860,普通
361,19541140584,普通
362,14969074988,银卡
363,14697275683,金卡
364,16495462292,普通
365,14084717440,普通
366,14304583064,银卡
367,18493511944,金卡
368,13228904833,普通
369,18328219686,普通
370,13735241699,银卡
371,16309605358,金卡
372,19129961269,普通
373,18409796999,普通
374,14140358994,银卡
375,15994380584,金卡
376,13089871265,普通
377,15870407010,普通
378,18173559041,银卡
379,17114256053,金卡
380,19883597799,普通
381,13144888214,普通
382,18893333101,银卡
383,14812618605,金卡
384,19945393088,普通
385,14495730648,普通
386,14135096171,银卡
387,14959816441,金卡
388,19027811239,普通
389,13354087037,普通
390,16562800651,银卡
391,13862451419,金卡
392,14289134919,普通
393,16062179348,普通
394,13942666157,银卡
395,13248804589,金卡
396,13594106855,普通
397,14378791542,普通
398,19680553957,银卡
399,18306352251,金卡
400,18500373437,普通
401,19294994286,普通
402,13801823220,银卡
403,13372933565,金卡
404,17098681261,普通
405,18619384490,普通
406,19741658028,银卡
407,15426244357,金卡
408,16815345731,普通
409,19412151438,普通
410,16169562505,银卡
411,14475920967,金卡
412,16034962091,普通
413,16749649083,普通
414,19540955882,银卡
415,19009771645,金卡
416,18019030108,普通
417,14858305957,普通
418,18445023957,银卡
419,19029571291,金卡
420,13302511636,普通
421,18829953003,普通
422,19693903066,银卡
423,18555114392,金卡
424,17190080571,普通
425,15668181480,普通
426,13900765587,银卡
427,13057094849,金卡
428,16709262827,普通
429,16238419983,普通
430,13432368564,银卡
431,19246410574,金卡
432,14621461316,普通
433,13737205604,普通
434,16609312012,银卡
435,17285212493,金卡
436,16037739409,普通
437,14459222846,普通
438,17028636860,银卡
439,17863777715,金卡
440,18118207322,普通
441,17990846286,普通
442,15812122804,银卡
443,15574177929,金卡
444,16574474558,普通
445,19881420505,普通
446,15888565007,银卡
447,16325719099,金卡
448,17079412888,普通
449,14975329598,普通
450,18679247058,银卡
451,18155212444,金卡
452,15118309136,普通
453,17503725903,普通
454,14709507209,银卡
455,18362065231,金卡
456,19941572776,普通
457,16622339283,普通
458,17971363237,银卡
459,13774320333,金卡
460,18589677289,普通
461,16466906448,普通
462,17946484619,银卡
463,16900695837,金卡
464,18170729628,普通
465,16922359396,普通
466,15390661108,银卡
467,15535360968,金卡
468,13180636713,普通
469,13166461328,普通
470,19444830204,银卡
471,16380511742,金卡
472,13621883641,普通
473,18851508394,普通
474,17507916039,银卡
475,13926270667,金卡
476,13662901154,普通
477,17891491060,普通
478,14555216182,银卡
479,19672742161,金卡
480,17146380122,普通
481,19846404010,普通
482,19557264131,银卡
483,19727849508,金卡
484,17020297078,普通
485,19357578020,普通
486,17206851235,银卡
487,15817749086,金卡
488,15336773842,普通
489,14539136546,普通
490,16084881541,银卡
491,15197726464,金卡
492,19454551175,普通
493,13211913468,普通
494,15239053128,银卡
495,15711674868,金卡
496,15353219844,普通
497,16254329323,普通
498,13293375459,银卡
499,13720976088,金卡
500,13387145312,普通
501,18840995491,普通
502,19425538492,银卡
503,13130997514,金卡
504,15593923352,普通
505,13054264213,普通
506,18748675820,银卡
507,13124029879,金卡
508,16871606834,普通
509,19460182033,普通
510,17491400320,银卡
511,19305925119,金卡
512,13536975485,普通
513,16779449043,普通
514,18287628481,银卡
515,14319132221,金卡
516,14917353760,普通
517,17412016551,普通
518,19759097852,银卡
519,13269798277,金卡
520,13279729461,普通
521,18721447029,普通
522,14631692609,银卡
523,19184810308,金卡
524,17026480757,普通
525,14446589349,普通
526,14106247006,银卡
527,19061171002,金卡
528,16441000197,普通
529,15209802031,普通
530,15549552803,银卡
531,14393716013,金卡
532,15982063271,普通
533,16679838044,普通
534,13412323082,银卡
535,17355649402,金卡
536,16802929766,普通
537,14321966032,普通
538,18295253223,银卡
539,15849384831,金卡
540,15703508052,普通
541,16094730108,普通
542,14830864619,银卡
543,13852179600,金卡
544,13811477777,普通
545,18577817705,普通
546,14909402110,银卡
547,19511332595,金卡
548,13581148751,普通
549,18403805171,普通
550,17587427107,银卡
551,14329617660,金卡
552,16253108034,普通
553,14675764448,普通
554,14321061533,银卡
555,15186134089,金卡
556,13700027733,普通
557,13656329256,普通
558,18182669777,银卡
559,17720971538,金卡
560,16536957087,普通
561,17643853703,普通
562,18384926943,银卡
563,17969586773,金卡
564,16891280459,普通
565,14357990652,普通
566,18668755176,银卡
567,17305504840,金卡
568,16072792000,普通
569,19447566063,普通
570,15101805594,银卡
571,13772409427,金卡
572,15655106076,普通
573,13588582142,普通
574,17021708951,银卡
575,19326471760,金卡
576,15450904528,普通
577,19045358210,普通
578,19981973102,银卡
579,19429106944,金卡
580,13604281438,普通
581,16795990313,普通
582,18766908898,银卡
583,17347847318,金卡
584,19075481250,普通
585,13819327599,普通
586,14705025665,银卡
587,18292624372,金卡
588,13047396200,普通
589,14110640190,普通
590,13385094839,银卡
591,13190925060,金卡
592,17263819091,普通
593,13437706859,普通
594,18481629837,银卡
595,18693525547,金卡
596,16280939038,普通
597,15529374811,普通
598,18191342561,银卡
599,16758421364,金卡
600,16668428204,普通
601,16012797076,普通
602,13077751055,银卡
603,16507264374,金卡
604,13866389105,普通
605,17869439941,普通
606,19485298799,银卡
607,18583418545,金卡
608,17656488453,普通
609,18048426274,普通
610,18538937488,银卡
611,19135681383,金卡
612,19298847627,普通
613,17230331234,普通
614,19002847902,银卡
615,14021166899,金卡
616,14508502344,普通
617,15927740502,普通
618,15685646356,银卡
619,17248877392,金卡
620,14437582557,普通
621,17888340568,普通
622,17806740535,银卡
623,15700277734,金卡
624,15898135553,普通
625,16604267683,普通
626,18049383776,银卡
627,14441172511,金卡
628,18009893826,普通
629,17161391277,普通
630,15878702286,银卡
631,17537938048,金卡
632,15112000357,普通
633,13863338403,普通
634,15831136598,银卡
635,18740709758,金卡
636,18920422507,普通
637,14436779707,普通
638,18259800248,银卡
639,15137029526,金卡
640,14187219236,普通
641,16559887405,普通
642,13524919486,银卡
643,17292543843,金卡
644,19855375555,普通
645,16989828681,普通
646,19499888965,银卡
647,19418944881,金卡
648,17828918176,普通
649,16464981847,普通
650,13229313316,银卡
651,13876982416,金卡
652,13171239745,普通
653,14374324332,普通
654,17967948414,银卡
655,15200612105,金卡
656,15686578628,普通
657,18328495851,普通
658,14565364498,银卡
659,14779615436,金卡
660,15000883903,普通
661,19633789816,普通
662,15772286938,银卡
663,19434785939,金卡
664,13654060056,普通
665,16779599480,普通
666,19558519415,银卡
667,19476498501,金卡
668,18345860455,普通
669,18568917681,普通
670,19509214818,银卡
671,14545624368,金卡
672,15493499123,普通
673,19475404876,普通
674,15841016472,银卡
675,13050162716,金卡
676,13194164806,普通
677,16083378650,普通
678,17818407375,银卡
679,17770342311,金卡
680,14609253827,普通
681,15802483647,普通
682,16670598027,银卡
683,18400690838,金卡
684,17666962517,普通
685,16030066966,普通
686,14040981465,银卡
687,16738160972,金卡
688,13853129891,普通
689,14450353827,普通
690,17118859354,银卡
691,15069194037,金卡
692,15739870047,普通
693,19039674889,普通
694,17455350688,银卡
695,15387562078,金卡
696,13288355101,普通
697,19809870519,普通
698,15353969641,银卡
699,17028559164,金卡
700,14639399925,普通
701,16551673086,普通
702,16325742718,银卡
703,15878434398,金卡
704,16803143239,普通
705,14839603699,普通
706,17665975925,银卡
707,13313737826,金卡
708,13668131860,普通
709,14791785633,普通
710,13328124355,银卡
711,17027488845,金卡
712,17052583215,普通
713,18845593619,普通
714,14525734071,银卡
715,15084772096,金卡
716,18051616414,普通
717,19966198194,普通
718,14512625570,银卡
719,14095780922,金卡
720,13646316156,普通
721,19567533318,普通
722,13933210086,银卡
723,19181690211,金卡
724,17749782919,普通
725,17452974924,普通
726,15661598807,银卡
727,16424862527,金卡
728,13103825939,普通
729,14056949259,普通
730,13083242491,银卡
731,16504653239,金卡
732,19941303107,普通
733,15932880684,普通
734,13559781144,银卡
735,19259112468,金卡
736,15789625959,普通
737,14975694756,普通
738,14478023477,银卡
739,16715833942,金卡
740,15009527052,普通
741,19849704009,普通
742,19068361088,银卡
743,14449824756,金卡
744,14312714517,普通
745,14593454745,普通
746,19421971905,银卡
747,17993323942,金卡
748,13045966837,普通
749,16627839068,普通
750,19947063171,银卡
751,13978700965,金卡
752,15257047369,普通
753,17430755001,普通
754,19652192638,银卡
755,14550371086,金卡
756,13422032176,普通
757,13624300995,普通
758,13450223455,银卡
759,16648215826,金卡
760,13711244327,普通
761,19249336244,普通
762,14453464805,银卡
763,19922583124,金卡
764,18061119860,普通
765,17344765790,普通
766,13308615882,银卡
767,14162524213,金卡
768,17547407134,普通
769,14607890963,普通
770,15943236757,银卡
771,17435690641,金卡
772,15915954011,普通
773,15944765319,普通
774,19319772811,银卡
775,15704747165,金卡
776,16571995067,普通
777,14485406658,普通
778,19207058129,银卡
779,13642398179,金卡
780,13639033429,普通
781,18875923021,普通
782,19616435283,银卡
783,15229696434,金卡
784,18034999556,普通
785,17722735621,普通
786,17565740548,银卡
787,13382655096,金卡
788,13361829501,普通
789,16347634624,普通
790,18380606276,银卡
791,19151753126,金卡
792,14950743429,普通
793,15480071855,普通
794,17334218534,银卡
795,13195520122,金卡
796,15814958619,普通
797,18053079158,普通
798,13450104252,银卡
799,13131640531,金卡
800,19318822985,普通
801,19127838782,普通
802,18068127088,银卡
803,19085287375,金卡
804,14702275699,普通
805,13234405360,普通
806,17658109547,银卡
807,13614500869,金卡
808,18384598931,普通
809,16122336618,普通
810,14468023707,银卡
811,15399288787,金卡
812,13291326249,普通
813,18128131370,普通
814,13913659825,银卡
815,13181604368,金卡
816,17514971605,普通
817,18168068064,普通
818,15244989599,银卡
819,18549660882,金卡
820,15390687486,普通
821,19970836461,普通
822,13880941506,银卡
823,16100608818,金卡
824,17554451866,普通
825,15229871924,普通
826,17987430021,银卡
827,17580494684,金卡
828,19525891988,普通
829,19091514802,普通
830,14476414104,银卡
831,19889767647,金卡
832,14710827120,普通
833,18076736376,普通
834,18065105703,银卡
835,16346729177,金卡
836,19090738432,普通
837,16338559325,普通
838,16739319555,银卡
839,13508942577,金卡
840,13549558459,普通
841,16421036596,普通
842,18975353481,银卡
843,17266666449,金卡
844,17449312626,普通
845,14955532204,普通
846,15266197368,银卡
847,13752980601,金卡
848,15698672253,普通
849,16885518150,普通
850,16019796513,银卡
851,13199301594,金卡
852,17875038565,普通
853,13045008926,普通
854,19847256813,银卡
855,17998331365,金卡
856,17901115304,普通
857,14417152602,普通
858,14920308572,银卡
859,16422314568,金卡
860,19128477858,普通
861,17437339066,普通
862,14195010829,银卡
863,13016868758,金卡
864,13137169037,普通
865,18308420135,普通
866,14300770459,银卡
867,13039994872,金卡
868,18839482539,普通
869,16277806951,普通
870,14560869471,银卡
871,17253844996,金卡
872,14233272692,普通
873,18565557288,普通
874,18239717754,银卡
875,13520579583,金卡
876,15667023113,普通
877,15678503593,普通
878,16081618044,银卡
879,14209195811,金卡
880,17132511474,普通
881,16959709360,普通
882,13712446355,银卡
883,16572289512,金卡
884,13620341947,普通
885,17013632070,普通
886,19467370728,银卡
887,14690789572,金卡
888,15354091528,普通
889,18626986211,普通
890,17288084703,银卡
891,19572922410,金卡
892,15650131569,普通
893,19606447307,普通
894,18848411732,银卡
895,13894403810,金卡
896,13457013190,普通
897,17575224468,普通
898,15896682959,银卡
899,15141690125,金卡
900,19257032914,普通
901,18082535474,普通
902,14150105745,银卡
903,14708908872,金卡
904,19038637589,普通
905,18470397313,普通
906,14714225916,银卡
907,17558704647,金卡
908,13821579325,普通
909,15397304806,普通
910,14833516974,银卡
911,16530382814,金卡
912,19957249782,普通
913,13911015519,普通
914,13524181253,银卡
915,15006754062,金卡
916,17820893724,普通
917,19643534160,普通
918,18022916659,银卡
919,17272576942,金卡
920,16353865914,普通
921,16632445254,普通
922,14472102798,银卡
923,16763602649,金卡
924,14169272225,普通
925,13044305203,普通
926,16593474686,银卡
927,18986682835,金卡
928,13097759648,普通
929,15580546386,普通
930,16308403965,银卡
931,19581146954,金卡
932,17611028921,普通
933,19664847689,普通
934,13884752971,银卡
935,17395466889,金卡
936,14072752251,普通
937,19667839535,普通
938,17440225966,银卡
939,14579052142,金卡
940,17833578804,普通
941,13589996123,普通
942,15976809156,银卡
943,13208032908,金卡
944,15189550954,普通
945,15420841571,普通
946,15329126714,银卡
947,16247948160,金卡
948,17207952540,普通
949,16501270442,普通
950,13573936602,银卡
951,13599077401,金卡
952,16533966792,普通
953,17885467415,普通
954,13546659614,银卡
955,19973608028,金卡
956,15998066457,普通
957,19394806134,普通
958,17330660604,银卡
959,16072116868,金卡
960,16999217820,普通
961,15667154358,普通
962,17829468716,银卡
963,19966454486,金卡
964,16849570707,普通
965,16326739423,普通
966,15271416666,银卡
967,14854108916,金卡
968,19937842660,普通
969,14260863362,普通
970,14498790147,银卡
971,16368884337,金卡
972,19796901198,普通
973,14536794356,普通
974,14882313669,银卡
975,15837235832,金卡
976,13615317925,普通
977,18943369434,普通
978,13512356315,银卡
979,18525698575,金卡
980,18226694661,普通
981,19453167832,普通
982,19445153966,银卡
983,18694577080,金卡
984,18738952698,普通
985,14514934504,普通
986,14466950439,银卡
987,19918392243,金卡
988,17013295536,普通
989,14519340646,普通
990,16866061488,银卡
991,17545114030,金卡
992,13449252040,普通
993,14359920824,普通
994,17939744629,银卡
995,16226309819,金卡
996,14288068120,普通
997,17018847627,普通
998,15271680936,银卡
999,14595443064,金卡
1000,13986337503,普通
1001,19095496097,普通
1002,13076427904,银卡
1003,19662493341,金卡
1004,14059381083,普通
1005,13318254048,普通
1006,19988258595,银卡
1007,13691016165,金卡
1008,19480773695,普通
1009,18923113907,普通
1010,14009584848,银卡
1011,14313089063,金卡
1012,14693088977,普通
1013,14994941779,普通
1014,15205142253,银卡
1015,16761077931,金卡
1016,19796390712,普通
1017,15083367868,普通
1018,19007551058,银卡
1019,17368571652,金卡
1020,17497761072,普通
1021,19999321549,普通
1022,19960586430,银卡
1023,16122174483,金卡
1024,17127390817,普通
1025,17622352824,普通
1026,19822936545,银卡
1027,13309522588,金卡
1028,15216615197,普通
1029,17883221431,普通
1030,17515095531,银卡
1031,13062769275,金卡
1032,19131735787,普通
1033,19839416142,普通
1034,19747310161,银卡
1035,13472278349,金卡
1036,15908009691,普通
1037,16790254147,普通
1038,16424422975,银卡
1039,14066072962,金卡
1040,17008403047,普通
1041,15301942935,普通
1042,19262601081,银卡
1043,17141532945,金卡
1044,17267607227,普通
1045,16075198675,普通
1046,17962180111,银卡
1047,16047336452,金卡
1048,14310241292,普通
1049,15647480758,普通
1050,19621392718,银卡
1051,14854511145,金卡
1052,14788170763,普通
1053,19023559269,普通
1054,18598716577,银卡
1055,13889592532,金卡
1056,17344234284,普通
1057,19120395128,普通
1058,19715070759,银卡
1059,13804327066,金卡
1060,18976298028,普通
1061,16799495905,普通
1062,18119723981,银卡
1063,13841363626,金卡
1064,16181868134,普通
1065,15080326520,普通
1066,15235580555,银卡
1067,15153181591,金卡
1068,15221042979,普通
1069,19171049855,普通
1070,13085753312,银卡
1071,14658786636,金卡
1072,17750152260,普通
1073,14872515079,普通
1074,15697527548,银卡
1075,14513050027,金卡
1076,19913627388,普通
1077,13391293837,普通
1078,13150591205,银卡
1079,14844244884,金卡
1080,15840384870,普通
1081,16959514674,普通
1082,16968432128,银卡
1083,18651047580,金卡
1084,13958118934,普通
1085,18913626128,普通
1086,19431392855,银卡
1087,15971247526,金卡
1088,14327860236,普通
1089,14096009700,普通
1090,16782786049,银卡
1091,15328894775,金卡
1092,17203755927,普通
1093,16583494553,普通
1094,16110942970,银卡
1095,16245886661,金卡
1096,13414645430,普通
1097,15383832716,普通
1098,14347317154,银卡
1099,15614496048,金卡
1100,16635183693,普通
1101,18594768978,普通
1102,14228223665,银卡
1103,16713288549,金卡
1104,16063718133,普通
1105,19086026919,普通
1106,15865818211,银卡
1107,19287758327,金卡
1108,19449514236,普通
1109,14433076860,普通
1110,14011340714,银卡
1111,13421058175,金卡
1112,18579029440,普通
1113,17736373598,普通
1114,17786382211,银卡
1115,18777798567,金卡
1116,18843295895,普通
1117,13009830241,普通
1118,16140626833,银卡
1119,18678210850,金卡
1120,17584186346,普通
1121,14747785635,普通
1122,16717345015,银卡
1123,17873126986,金卡
1124,13326378672,普通
1125,16205963824,普通
1126,16742018035,银卡
1127,16288383909,金卡
1128,13830276355,普通
1129,16906437045,普通
1130,18391686095,银卡
1131,18705168685,金卡
1132,19316404794,普通
1133,14910980753,普通
1134,18232999526,银卡
1135,15819011343,金卡
1136,15916784876,普通
1137,15558398932,普通
1138,14978890247,银卡
1139,13964260405,金卡
1140,17417456623,普通
1141,16140750786,普通
1142,16409148418,银卡
1143,18425759772,金卡
1144,16755150747,普通
1145,17185369794,普通
1146,17760866687,银卡
1147,15333652214,金卡
1148,16790788775,普通
1149,15010783893,普通
1150,16799671126,银卡
1151,14282457528,金卡
1152,14265574555,普通
1153,14846709975,普通
1154,19481506453,银卡
1155,17061861902,金卡
1156,14252808331,普通
1157,14059486199,普通
1158,15572840606,银卡
1159,17834901163,金卡
1160,19081800513,普通
1161,13308458146,普通
1162,14814748124,银卡
1163,16721486741,金卡
1164,18600023912,普通
1165,16335114285,普通
1166,17018691242,银卡
1167,19904456517,金卡
1168,14074919406,普通
1169,16705748608,普通
1170,19007521666,银卡
1171,14896082184,金卡
1172,18452312580,普通
1173,18142688409,普通
1174,13357875795,银卡
1175,18173814192,金卡
1176,13238231967,普通
1177,13300489153,普通
1178,17900602726,银卡
1179,17902925001,金卡
1180,15471136059,普通
1181,18181384270,普通
1182,17622984078,银卡
1183,13708085327,金卡
1184,15043546026,普通
1185,14402337226,普通
1186,18768741964,银卡
1187,17090547365,金卡
1188,18066646991,普通
1189,14788291139,普通
1190,17153950182,银卡
1191,15919218305,金卡
1192,18507419307,普通
1193,15061024995,普通
1194,19511775666,银卡
1195,18926664488,金卡
1196,18208198979,普通
1197,17914859922,普通
1198,15485295740,银卡
1199,13225258918,金卡
1200,14314575882,普通
1201,18675075250,普通
1202,19012072343,银卡
1203,15366956350,金卡
1204,15825218174,普通
1205,18796722822,普通
1206,16755375316,银卡
1207,13755418744,金卡
1208,18714764820,普通
1209,17890986923,普通
1210,15891818019,银卡
1211,19411385848,金卡
1212,16121745073,普通
1213,14784221399,普通
1214,18929588320,银卡
1215,15115659460,金卡
1216,15927501937,普通
1217,18641610357,普通
1218,16541948164,银卡
1219,18986918795,金卡
1220,15976139414,普通
1221,18641158126,普通
1222,13605505939,银卡
1223,13753368276,金卡
1224,17612946559,普通
1225,14618351885,普通
1226,17260487267,银卡
1227,13432325665,金卡
1228,14461725960,普通
1229,13235371465,普通
1230,15464315196,银卡
1231,15589013283,金卡
1232,15558206424,普通
1233,18901651186,普通
1234,15833553584,银卡
1235,19885142852,金卡
1236,16997806250,普通
1237,19273239931,普通
1238,17269291177,银卡
1239,18811962848,金卡
1240,17735329690,普通
1241,18591524339,普通
1242,13806411545,银卡
1243,14437832633,金卡
1244,17869351516,普通
1245,18409426336,普通
1246,16085674128,银卡
1247,18725185986,金卡
1248,17506116555,普通
1249,13181543435,普通
1250,17512197715,银卡
1251,19551542126,金卡
1252,19608722847,普通
1253,14200058702,普通
1254,19707666261,银卡
1255,13286029150,金卡
1256,19522234122,普通
1257,19366945459,普通
1258,18011830319,银卡
1259,17112373904,金卡
1260,19538762898,普通
1261,17639128305,普通
1262,13072501712,银卡
1263,18149333426,金卡
1264,18889834559,普通
1265,15218434046,普通
1266,13846357323,银卡
1267,19159633156,金卡
1268,16447302437,普通
1269,14953311158,普通
1270,13869458480,银卡
1271,19915660414,金卡
1272,14821340763,普通
1273,18821368760,普通
1274,15233914903,银卡
1275,14391490197,金卡
1276,17572351897,普通
1277,15522435083,普通
1278,17230605014,银卡
1279,15550497554,金卡
1280,14656187972,普通
1281,15953563008,普通
1282,14241790987,银卡
1283,17367478952,金卡
1284,18027560131,普通
1285,18133940813,普通
1286,13230538595,银卡
1287,14757385170,金卡
1288,18264129198,普通
1289,13971273435,普通
1290,14392288779,银卡
1291,13659707752,金卡
1292,14943958406,普通
1293,17369233762,普通
1294,16104853818,银卡
1295,14654826851,金卡
1296,17645259672,普通
1297,19714102304,普通
1298,19768514655,银卡
1299,13925556695,金卡
1300,16576562489,普通
1301,15758025523,普通
1302,14286903131,银卡
1303,15681166959,金卡
1304,14175546640,普通
1305,18948722893,普通
1306,18051935113,银卡
1307,17814750455,金卡
1308,16802805554,普通
1309,14881844846,普通
1310,14419535994,银卡
1311,16116239287,金卡
1312,15476460133,普通
1313,14005536232,普通
1314,19544566919,银卡
1315,19722024868,金卡
1316,18065648981,普通
1317,18049734563,普通
1318,15203225569,银卡
1319,14699334988,金卡
1320,16524203926,普通
1321,16806442681,普通
1322,17067861759,银卡
1323,13612624240,金卡
1324,17018997010,普通
1325,13223539092,普通
1326,16213812546,银卡
1327,17127363530,金卡
1328,16535854731,普通
1329,18045895339,普通
1330,13032289470,银卡
1331,17205171720,金卡
1332,13889701404,普通
1333,13019989292,普通
1334,19120303899,银卡
1335,15869409567,金卡
1336,18848082640,普通
1337,13120273454,普通
1338,17631105855,银卡
1339,18170640588,金卡
1340,15086713152,普通
1341,13351973132,普通
1342,15712631120,银卡
1343,16069892306,金卡
1344,19710689573,普通
1345,16694480417,普通
1346,15420877295,银卡
1347,15332131110,金卡
1348,15263423735,普通
1349,18729928717,普通
1350,19241242762,银卡
1351,15146124462,金卡
1352,13979212976,普通
1353,17355974296,普通
1354,15773166543,银卡
1355,15746660102,金卡
1356,14351019959,普通
1357,13439508665,普通
1358,18418324417,银卡
1359,13559853924,金卡
1360,15969847538,普通
1361,19823752015,普通
1362,15067540335,银卡
1363,18882465899,金卡
1364,14179703559,普通
1365,17869050028,普通
1366,15206121805,银卡
1367,17591667932,金卡
1368,13229208453,普通
1369,18170324563,普通
1370,14516092305,银卡
1371,15845419576,金卡
1372,17497963360,普通
1373,17247214259,普通
1374,13453427802,银卡
1375,16259214554,金卡
1376,14992650737,普通
1377,18950294552,普通
1378,14201174303,银卡
1379,16827602206,金卡
1380,14225794855,普通
1381,18496570908,普通
1382,13432014732,银卡
1383,15774184579,金卡
1384,16485955736,普通
1385,17582740322,普通
1386,14784174611,银卡
1387,13791539030,金卡
1388,16990279732,普通
1389,15897091745,普通
1390,17296425697,银卡
1391,13972682243,金卡
1392,18720536952,普通
1393,17356314680,普通
1394,14863612627,银卡
1395,15696040663,金卡
1396,16203201656,普通
1397,13095212539,普通
1398,13519214881,银卡
1399,15550601575,金卡
1400,19927894797,普通
1401,15354585230,普通
1402,13561669595,银卡
1403,14297820508,金卡
1404,17031417422,普通
1405,13697485381,普通
1406,16626720688,银卡
1407,18681814882,金卡
1408,14442029718,普通
1409,17737654051,普通
1410,15494885037,银卡
1411,13180737031,金卡
1412,14920120614,普通
1413,15190530537,普通
1414,19903265092,银卡
1415,16567332989,金卡
1416,14880634669,普通
1417,18165694928,普通
1418,13618158349,银卡
1419,13295322402,金卡
1420,14458677170,普通
1421,14652734277,普通
1422,18094558741,银卡
1423,19041242294,金卡
1424,19332087782,普通
1425,19373227034,普通
1426,14685643555,银卡
1427,18727943131,金卡
1428,15909899067,普通
1429,16046369971,普通
1430,16319251291,银卡
1431,19451896047,金卡
1432,14440542180,普通
1433,17415852227,普通
1434,18728486736,银卡
1435,17912242361,金卡
1436,19986429411,普通
1437,15569751088,普通
1438,15700866341,银卡
1439,13248057132,金卡
1440,15098992078,普通
1441,14525913700,普通
1442,14235566667,银卡
1443,19381672992,金卡
1444,13756342893,普通
1445,13459893691,普通
1446,19062648103,银卡
1447,15094100255,金卡
1448,16604229276,普通
1449,18876999122,普通
1450,14714125052,银卡
1451,19915892231,金卡
1452,19794025892,普通
1453,19384276885,普通
1454,14223071157,银卡
1455,14309009186,金卡
1456,19455198925,普通
1457,15582198775,普通
1458,18308510493,银卡
1459,14485945730,金卡
1460,15310048597,普通
1461,19570276216,普通
1462,15229063224,银卡
1463,18152349508,金卡
1464,15805096774,普通
1465,14850012173,普通
1466,16193720834,银卡
1467,15367983546,金卡
1468,18385568135,普通
1469,18272319021,普通
1470,16631372518,银卡
1471,15938205698,金卡
1472,18670198374,普通
1473,19988146294,普通
1474,13075833611,银卡
1475,17850678798,金卡
1476,16409744871,普通
1477,14210849965,普通
1478,14764554920,银卡
1479,19860514828,金卡
1480,13601956379,普通
1481,16990482406,普通
1482,14076366939,银卡
1483,19305239295,金卡
1484,15860312211,普通
1485,14122341231,普通
1486,15729692989,银卡
1487,17447490259,金卡
1488,14665594635,普通
1489,13598275594,普通
1490,19916347086,银卡
1491,18944429790,金卡
1492,16625199952,普通
1493,14207268456,普通
1494,14432272504,银卡
1495,16745015879,金卡
1496,13303571923,普通
1497,19050629148,普通
1498,14712182135,银卡
1499,17095571751,金卡
1500,19058639935,普通
1501,15122450896,普通
1502,14139931455,银卡
1503,19706138015,金卡
1504,16661927779,普通
1505,17688760309,普通
1506,19247725348,银卡
1507,17631574746,金卡
1508,14911652636,普通
1509,18796745414,普通
1510,13139860315,银卡
1511,18314573905,金卡
1512,14705556591,普通
1513,13921138925,普通
1514,16400946640,银卡
1515,14534413770,金卡
1516,14790659472,普通
1517,14629928978,普通
1518,19250933969,银卡
1519,13326618182,金卡
1520,17518498795,普通
1521,13891020124,普通
1522,19289539830,银卡
1523,16611343801,金卡
1524,16157405452,普通
1525,16713319852,普通
1526,18200923420,银卡
1527,13200739592,金卡
1528,13748665424,普通
1529,17738498773,普通
1530,17076606598,银卡
1531,18702203319,金卡
1532,13108881455,普通
1533,16269084262,普通
1534,19419197886,银卡
1535,15047973180,金卡
1536,19966110423,普通
1537,15681226502,普通
1538,19767330783,银卡
1539,16333897478,金卡
1540,14471219499,普通
1541,18383926793,普通
1542,14768522980,银卡
1543,13066676481,金卡
1544,15840586237,普通
1545,16329752548,普通
1546,18243535690,银卡
1547,13101819935,金卡
1548,14400045790,普通
1549,19541692835,普通
1550,17379778329,银卡
1551,17854523136,金卡
1552,18834014862,普通
1553,14687293402,普通
1554,13067848666,银卡
1555,13345082080,金卡
1556,13712693507,普通
1557,18446616632,普通
1558,18355878359,银卡
1559,18002828366,金卡
1560,15713108835,普通
1561,14275216797,普通
1562,18338245440,银卡
1563,19490062719,金卡
1564,16505696901,普通
1565,14155415854,普通
1566,16877716268,银卡
1567,13171741878,金卡
1568,15357460292,普通
1569,16693168732,普通
1570,13974278854,银卡
1571,18658710626,金卡
1572,14112769658,普通
1573,13186008387,普通
1574,18095549908,银卡
1575,18488533990,金卡
1576,19222601033,普通
1577,19860849353,普通
1578,13302234859,银卡
1579,13288944917,金卡
1580,15150534030,普通
1581,16719523516,普通
1582,14488345187,银卡
1583,17920112752,金卡
1584,17474163627,普通
1585,15298636505,普通
1586,15316705417,银卡
1587,18913145057,金卡
1588,13111459469,普通
1589,19038194058,普通
1590,13209456305,银卡
1591,16258449730,金卡
1592,17084457692,普通
1593,13977066231,普通
1594,18909997957,银卡
1595,19721861045,金卡
1596,14393710870,普通
1597,17129765713,普通
1598,15132466087,银卡
1599,15389187814,金卡
1600,19986904852,普通
1601,15140885463,普通
1602,17336500397,银卡
1603,15338409964,金卡
1604,14359078419,普通
1605,16859021312,普通
1606,13109410092,银卡
1607,14286080941,金卡
1608,14866364804,普通
1609,13881493430,普通
1610,19510143852,银卡
1611,14714494858,金卡
1612,16717950572,普通
1613,19939154859,普通
1614,17725573009,银卡
1615,13645625548,金卡
1616,14841691605,普通
1617,15752791120,普通
1618,18530386270,银卡
1619,16844731707,金卡
1620,19099701868,普通
1621,19935822247,普通
1622,14147621192,银卡
1623,16321488873,金卡
1624,17670278419,普通
1625,19990381101,普通
1626,19162497888,银卡
1627,13704432282,金卡
1628,13817767406,普通
1629,18654405680,普通
1630,17017299171,银卡
1631,13396553570,金卡
1632,18376285016,普通
1633,14400429904,普通
1634,15656595770,银卡
1635,19536165596,金卡
1636,13856860683,普通
1637,14813926956,普通
1638,14041878183,银卡
1639,17700688507,金卡
1640,18542499229,普通
1641,17959274533,普通
1642,18341355534,银卡
1643,15082485395,金卡
1644,18024971651,普通
1645,19461410530,普通
1646,19603633246,银卡
1647,15810571671,金卡
1648,18367357602,普通
1649,13045267611,普通
1650,14622510666,银卡
1651,16290879435,金卡
1652,15759606927,普通
1653,16759944302,普通
1654,15181589450,银卡
1655,15341798134,金卡
1656,18092303097,普通
1657,19919285079,普通
1658,18234735020,银卡
1659,14949252197,金卡
1660,13652818100,普通
1661,17114735693,普通
1662,13455737291,银卡
1663,13918689383,金卡
1664,16792526484,普通
1665,15178692180,普通
1666,13944466304,银卡
1667,15122068246,金卡
1668,19255353662,普通
1669,16033983349,普通
1670,16160258329,银卡
1671,19399676484,金卡
1672,13830044960,普通
1673,15001146946,普通
1674,19213601580,银卡
1675,14636571787,金卡
1676,14674027308,普通
1677,18800498584,普通
1678,18523012996,银卡
1679,17288511185,金卡
1680,15228013920,普通
1681,16666272630,普通
1682,18153017041,银卡
1683,18086120126,金卡
1684,19176416098,普通
1685,19091463682,普通
1686,13043421341,银卡
1687,17234535270,金卡
1688,18071643258,普通
1689,13357508675,普通
1690,15972859910,银卡
1691,17931383144,金卡
1692,19378465350,普通
1693,19052107433,普通
1694,18517572940,银卡
1695,19601324112,金卡
1696,16182989526,普通
1697,14542614997,普通
1698,18188328698,银卡
1699,14541214414,金卡
1700,13874177896,普通
1701,15611710323,普通
1702,15974904035,银卡
1703,14034987157,金卡
1704,19592790383,普通
1705,16506973582,普通
1706,13394447072,银卡
1707,17559645014,金卡
1708,17157840139,普通
1709,14789101959,普通
1710,16186946032,银卡
1711,16514510023,金卡
1712,13594321149,普通
1713,14803145847,普通
1714,15769137403,银卡
1715,18027097770,金卡
1716,13323943494,普通
1717,16353930188,普通
1718,16186086239,银卡
1719,15244816318,金卡
1720,14918634940,普通
1721,16764978144,普通
1722,16206530655,银卡
1723,15236090441,金卡
1724,15056271224,普通
1725,18343226710,普通
1726,15658363151,银卡
1727,17289726999,金卡
1728,14473923777,普通
1729,16524953528,普通
1730,17481661709,银卡
1731,15365180570,金卡
1732,13587704971,普通
1733,18873347625,普通
1734,17485775009,银卡
1735,18870030752,金卡
1736,17738680343,普通
1737,17948778057,普通
1738,16277896561,银卡
1739,16674685873,金卡
1740,19373016718,普通
1741,17968849541,普通
1742,15962593598,银卡
1743,13601320711,金卡
1744,15200280642,普通
1745,14602960265,普通
1746,19672790163,银卡
1747,17420959625,金卡
1748,15898198997,普通
1749,17461433111,普通
1750,13291642195,银卡
1751,19413193633,金卡
1752,13954801610,普通
1753,16859777498,普通
1754,13102863045,银卡
1755,19820332103,金卡
1756,13295798823,普通
1757,18186447636,普通
1758,19886191251,银卡
1759,17081756596,金卡
1760,17973139865,普通
1761,16950889998,普通
1762,13072780020,银卡
1763,19806000424,金卡
1764,18733318558,普通
1765,19444503220,普通
1766,17164701589,银卡
1767,16574647802,金卡
1768,19124148482,普通
1769,14699332591,普通
1770,16307972790,银卡
1771,19051372288,金卡
1772,17107479393,普通
1773,14531129892,普通
1774,19863957339,银卡
1775,14461853925,金卡
1776,16842431627,普通
1777,13855411096,普通
1778,18280594476,银卡
1779,19257291348,金卡
1780,19879005772,普通
1781,19523069340,普通
1782,19929865561,银卡
1783,16956322802,金卡
1784,17162519910,普通
1785,16029138509,普通
1786,17195616762,银卡
1787,15068026899,金卡
1788,19817157667,普通
1789,19641397174,普通
1790,16172459356,银卡
1791,15625611597,金卡
1792,13514407337,普通
1793,16929511672,普通
1794,15040165640,银卡
1795,14807240326,金卡
1796,13593667929,普通
1797,15861382263,普通
1798,17693143046,银卡
1799,16479820963,金卡
1800,18384846250,普通
1801,13373700779,普通
1802,13614583228,银卡
1803,18614260240,金卡
1804,18517046283,普通
1805,15334383736,普通
1806,14713512873,银卡
1807,18422176183,金卡
1808,19759618208,普通
1809,14480222590,普通
1810,16611238988,银卡
1811,16244933318,金卡
1812,15562026363,普通
1813,16056908774,普通
1814,17679753945,银卡
1815,13512132314,金卡
1816,16127091177,普通
1817,19249529969,普通
1818,16583591344,银卡
1819,15474476525,金卡
1820,15332175931,普通
1821,19998877931,普通
1822,17457538218,银卡
1823,18152384728,金卡
1824,17266059933,普通
1825,16399858653,普通
1826,16915370633,银卡
1827,16096072099,金卡
1828,15118719385,普通
1829,19228786347,普通
1830,17030045106,银卡
1831,17509635510,金卡
1832,19064561140,普通
1833,19271375943,普通
1834,14620998411,银卡
1835,19495069544,金卡
1836,17082015062,普通
1837,17779536726,普通
1838,13444767921,银卡
1839,14057191648,金卡
1840,14545021525,普通
1841,16018572830,普通
1842,17606662778,银卡
1843,13080444207,金卡
1844,18480585742,普通
1845,18824603820,普通
1846,13465627894,银卡
1847,17064372008,金卡
1848,13490999952,普通
1849,17723098546,普通
1850,14904528607,银卡
1851,13577548516,金卡
1852,18181268862,普通
1853,17927977911,普通
1854,18590944791,银卡
1855,17680050496,金卡
1856,17997475321,普通
1857,13302160612,普通
1858,17541690372,银卡
1859,18293689974,金卡
1860,13335787569,普通
1861,13323962834,普通
1862,14849493402,银卡
1863,17384645784,金卡
1864,14171881109,普通
1865,16082180592,普通
1866,14310510088,银卡
1867,14663693873,金卡
1868,15810512881,普通
1869,18104775431,普通
1870,15327324350,银卡
1871,16429336642,金卡
1872,14678500838,普通
1873,19428407736,普通
1874,18598054773,银卡
1875,14399210071,金卡
1876,18967610734,普通
1877,16034250284,普通
1878,17283080316,银卡
1879,16300128435,金卡
1880,19549515546,普通
1881,16752540603,普通
1882,18500513526,银卡
1883,13219258642,金卡
1884,17496032151,普通
1885,15231974485,普通
1886,17377402387,银卡
1887,14005358728,金卡
1888,18382591375,普通
1889,18171450123,普通
1890,17035203725,银卡
1891,18567875226,金卡
1892,18382448074,普通
1893,15806856565,普通
1894,16126938617,银卡
1895,19126404508,金卡
1896,18559009529,普通
1897,16297368972,普通
1898,14972550318,银卡
1899,19532281482,金卡
1900,15412578756,普通
1901,14690641573,普通
1902,18340695138,银卡
1903,15790339082,金卡
1904,18710816105,普通
1905,16883083983,普通
1906,18487851169,银卡
1907,18610729908,金卡
1908,14708830951,普通
1909,19773528685,普通
1910,17370381121,银卡
1911,19050742499,金卡
1912,18548162533,普通
1913,17481419595,普通
1914,19045709866,银卡
1915,16562123707,金卡
1916,15417864808,普通
1917,16770619969,普通
1918,13404090303,银卡
1919,17385966561,金卡
1920,16191355748,普通
1921,16774677424,普通
1922,18633851100,银卡
1923,14865154223,金卡
1924,13154908647,普通
1925,19338334124,普通
1926,19052804058,银卡
1927,16516686160,金卡
1928,19688762075,普通
1929,16911252137,普通
1930,16918026572,银卡
1931,14855334100,金卡
1932,17303754374,普通
1933,18138350965,普通
1934,16270790699,银卡
1935,16584282598,金卡
1936,14689984113,普通
1937,16038618490,普通
1938,13911451731,银卡
1939,13736393348,金卡
1940,16023383362,普通
1941,13316221464,普通
1942,17484085227,银卡
1943,17738861152,金卡
1944,19013549471,普通
1945,13598748575,普通
1946,13642921831,银卡
1947,19254723515,金卡
1948,13515326341,普通
1949,17279504686,普通
1950,16121353393,银卡
1951,15355269082,金卡
1952,19128485733,普通
1953,17189540382,普通
1954,16631118874,银卡
1955,15765868792,金卡
1956,13080093746,普通
1957,13144109179,普通
1958,18940984981,银卡
1959,19683760283,金卡
1960,13563544431,普通
1961,19447653280,普通
1962,18835445789,银卡
1963,18902868409,金卡
1964,19575894427,普通
1965,13084856507,普通
1966,17662953011,银卡
1967,18965450508,金卡
1968,18809393063,普通
1969,16547211693,普通
1970,15589538103,银卡
1971,15786932638,金卡
1972,18086506400,普通
1973,19188140953,普通
1974,15041593606,银卡
1975,17045035594,金卡
1976,17042059492,普通
1977,17297351230,普通
1978,13685500799,银卡
1979,15000905500,金卡
1980,19259168109,普通
1981,13426439839,普通
1982,15530878949,银卡
1983,13534271333,金卡
1984,18672406766,普通
1985,15312634547,普通
1986,18914265858,银卡
1987,14499044986,金卡
1988,19630943958,普通
1989,16334583621,普通
1990,14887954782,银卡
1991,13636162432,金卡
1992,13353117360,普通
1993,18468622889,普通
1994,16846389300,银卡
1995,19560160153,金卡
1996,16851565595,普通
1997,19082052306,普通
1998,15553949129,银卡
1999,15996311026,金卡
2000,16081779196,普通
2001,15330268315,普通
2002,17416558100,银卡
2003,17298716823,金卡
2004,13946872427,普通
2005,15815738514,普通
2006,14506824530,银卡
2007,14144524766,金卡
2008,19585420639,普通
2009,14322018190,普通
2010,14196852017,银卡
2011,16919186928,金卡
2012,19461020641,普通
2013,19731279009,普通
2014,17577816197,银卡
2015,19567240274,金卡
2016,16834563637,普通
2017,18464220809,普通
2018,19046970000,银卡
2019,18154398986,金卡
2020,19822237616,普通
2021,16761449149,普通
2022,13601827001,银卡
2023,19076077473,金卡
2024,19858046371,普通
2025,13818176961,普通
2026,15988071592,银卡
2027,16665098453,金卡
2028,14837350505,普通
2029,18909984953,普通
2030,18590704638,银卡
2031,15458963316,金卡
2032,14362063746,普通
2033,15768135987,普通
2034,14809849845,银卡
2035,18688231580,金卡
2036,19609566039,普通
2037,19411700998,普通
2038,14405738505,银卡
2039,18829421952,金卡
2040,15258253075,普通
2041,16963275169,普通
2042,19606385113,银卡
2043,14594197869,金卡
2044,15121073315,普通
2045,16197591517,普通
2046,14498123284,银卡
2047,19777492817,金卡
2048,13800015142,普通
2049,15112449808,普通
2050,14553751377,银卡
2051,15803267653,金卡
2052,15324635380,普通
2053,17349599389,普通
2054,14009107682,银卡
2055,17713675818,金卡
2056,14000328672,普通
2057,16361213404,普通
2058,14020460578,银卡
2059,18538111763,金卡
2060,19368027036,普通
2061,15427679391,普通
2062,19022227164,银卡
2063,13400758079,金卡
2064,19575485437,普通
2065,16454906711,普通
2066,19249113355,银卡
2067,16857686405,金卡
2068,19229355334,普通
2069,17434531858,普通
2070,18075317990,银卡
2071,18808468226,金卡
2072,14589084073,普通
2073,14021650839,普通
2074,13228177973,银卡
2075,17011344533,金卡
2076,14076411555,普通
2077,15144596026,普通
2078,18276075622,银卡
2079,17926665997,金卡
2080,18562694122,普通
2081,17121081915,普通
2082,17052080404,银卡
2083,18321902944,金卡
2084,14756316645,普通
2085,13394208218,普通
2086,16693609205,银卡
2087,13348099667,金卡
2088,15517932051,普通
2089,13220120984,普通
2090,17075350860,银卡
2091,17997500045,金卡
2092,14137680575,普通
2093,13238933535,普通
2094,16845784957,银卡
2095,16524159041,金卡
2096,13507053109,普通
2097,16457772411,普通
2098,19886469438,银卡
2099,16176280963,金卡
2100,14380752420,普通
2101,15698851292,普通
2102,15797451088,银卡
2103,13662490630,金卡
2104,16689798332,普通
2105,17813249496,普通
2106,19394459017,银卡
2107,13781272852,金卡
2108,18125869706,普通
2109,17994525332,普通
2110,19701644540,银卡
2111,14893053627,金卡
2112,19587723462,普通
2113,17223656098,普通
2114,13925103305,银卡
2115,15778942025,金卡
2116,18214891163,普通
2117,15539067928,普通
2118,13999123809,银卡
2119,14477765055,金卡
2120,13959450946,普通
2121,15531948078,普通
2122,18781772023,银卡
2123,14245396684,金卡
2124,17345668708,普通
2125,16386657956,普通
2126,16989085635,银卡
2127,16864280067,金卡
2128,16901006961,普通
2129,16802081412,普通
2130,15593224498,银卡
2131,14946697170,金卡
2132,15350010806,普通
2133,18093791065,普通
2134,18175433169,银卡
2135,13362507533,金卡
2136,16101283959,普通
2137,14746875189,普通
2138,19943173554,银卡
2139,19328651661,金卡
2140,17213826156,普通
2141,15625124067,普通
2142,19074499860,银卡
2143,18621040491,金卡
2144,16214058667,普通
2145,14647188931,普通
2146,17409627851,银卡
2147,14133949260,金卡
2148,13058004082,普通
2149,13810776311,普通
2150,17600533120,银卡
2151,14157487241,金卡
2152,15977049920,普通
2153,15898950093,普通
2154,15156289721,银卡
2155,14290398075,金卡
2156,19530753095,普通
2157,13625080203,普通
2158,16517239051,银卡
2159,16286474413,金卡
2160,14896930803,普通
2161,15563317866,普通
2162,15257835259,银卡
2163,15765094881,金卡
2164,15679716831,普通
2165,13992163014,普通
2166,13631045862,银卡
2167,19237220829,金卡
2168,17883375117,普通
2169,16689866362,普通
2170,19012671509,银卡
2171,16631328567,金卡
2172,18360076032,普通
2173,14354557643,普通
2174,19709562061,银卡
2175,16938198803,金卡
2176,16680916746,普通
2177,15131892287,普通
2178,13678873324,银卡
2179,17401232684,金卡
2180,15718369174,普通
2181,14742379029,普通
2182,16729856300,银卡
2183,18733830288,金卡
2184,16963331430,普通
2185,17185997371,普通
2186,13613337562,银卡
2187,16701170744,金卡
2188,13285937887,普通
2189,19520833028,普通
2190,19896381633,银卡
2191,16717673566,金卡
2192,18271263805,普通
2193,16032304376,普通
2194,14821480720,银卡
2195,19808866624,金卡
2196,15035298090,普通
2197,13108704724,普通
2198,17325259007,银卡
2199,19651395093,金卡
2200,14564000242,普通
2201,16157614290,普通
2202,15195404505,银卡
2203,18411289727,金卡
2204,14886961525,普通
2205,14770528811,普通
2206,17158872427,银卡
2207,13203675897,金卡
2208,19355240430,普通
2209,15393620109,普通
2210,17765236488,银卡
2211,13687436586,金卡
2212,15647864745,普通
2213,13667345887,普通
2214,13819532587,银卡
2215,15519628193,金卡
2216,13018010962,普通
2217,16468349072,普通
2218,19989725891,银卡
2219,15931974631,金卡
2220,15250486287,普通
2221,19574876491,普通
2222,17296620721,银卡
2223,13671814461,金卡
2224,16126732326,普通
2225,17088415042,普通
2226,19906205379,银卡
2227,13986440715,金卡
2228,16705919037,普通
2229,13058656922,普通
2230,17564554685,银卡
2231,19334711141,金卡
2232,15609545242,普通
2233,19030665298,普通
2234,15465456101,银卡
2235,19651101142,金卡
2236,19815705640,普通
2237,19961519822,普通
2238,19836857692,银卡
2239,19604460647,金卡
2240,19177319432,普通
2241,15456126136,普通
2242,16119762168,银卡
2243,19407990824,金卡
2244,17840764963,普通
2245,13867759024,普通
2246,13359261843,银卡
2247,16044560574,金卡
2248,16707070055,普通
2249,15043813606,普通
2250,13398305078,银卡
2251,14063277499,金卡
2252,16164268135,普通
2253,13692773218,普通
2254,14442739780,银卡
2255,18091756120,金卡
2256,15996670554,普通
2257,18274950105,普通
2258,17900396002,银卡
2259,14452204124,金卡
2260,16367178336,普通
2261,13925934221,普通
2262,17751977257,银卡
2263,15923803439,金卡
2264,14846464968,普通
2265,19964465005,普通
2266,15758090945,银卡
2267,17877544864,金卡
2268,18454816286,普通
2269,17442934213,普通
2270,17653800050,银卡
2271,13717282112,金卡
2272,15758686136,普通
2273,14651024463,普通
2274,17542659105,银卡
2275,14339398813,金卡
2276,19147146177,普通
2277,13359998253,普通
2278,14149017088,银卡
2279,14194548259,金卡
2280,17511398207,普通
2281,19775861651,普通
2282,15069983621,银卡
2283,15405397175,金卡
2284,17701559103,普通
2285,15792060439,普通
2286,13295770599,银卡
2287,13050077345,金卡
2288,19067083677,普通
2289,14001497399,普通
2290,13975443822,银卡
2291,17732793253,金卡
2292,18942252471,普通
2293,15888751297,普通
2294,13137369433,银卡
2295,14477977694,金卡
2296,16965712709,普通
2297,17801055162,普通
2298,19594945148,银卡
2299,19937865059,金卡
2300,16912026924,普通
2301,17858134192,普通
2302,14689571946,银卡
2303,16773296457,金卡
2304,16729506945,普通
2305,14385551555,普通
2306,13186756337,银卡
2307,15658694403,金卡
2308,19232674282,普通
2309,14483098074,普通
2310,18438412011,银卡
2311,17804343272,金卡
2312,19360660445,普通
2313,17612316895,普通
2314,15055217338,银卡
2315,18426230656,金卡
2316,14477409587,普通
2317,16219639479,普通
2318,13423847552,银卡
2319,13334634053,金卡
2320,17743956142,普通
2321,18607298161,普通
2322,16135705449,银卡
2323,19997047006,金卡
2324,19616975759,普通
2325,14696534737,普通
2326,13983442240,银卡
2327,14206019535,金卡
2328,18803870167,普通
2329,13405010948,普通
2330,19324339592,银卡
2331,15182661297,金卡
2332,15045696214,普通
2333,15983103769,普通
2334,18190069825,银卡
2335,15659751317,金卡
2336,18194488086,普通
2337,14668578483,普通
2338,19890189875,银卡
2339,13443536725,金卡
2340,17472361369,普通
2341,18521958222,普通
2342,19692164940,银卡
2343,19290101516,金卡
2344,17374141625,普通
2345,18147281039,普通
2346,13382779590,银卡
2347,14544505240,金卡
2348,16479565454,普通
2349,17634233487,普通
2350,19188373417,银卡
2351,18405329362,金卡
2352,14916247944,普通
2353,19374614884,普通
2354,15301953653,银卡
2355,19582921952,金卡
2356,13692045917,普通
2357,15824734109,普通
2358,18086859413,银卡
2359,16405868759,金卡
2360,18309090528,普通
2361,16941187124,普通
2362,16880083520,银卡
2363,18457860686,金卡
2364,13924011724,普通
2365,18900242374,普通
2366,17761157617,银卡
2367,16338861358,金卡
2368,16538352433,普通
2369,18259344054,普通
2370,13893802489,银卡
2371,15054332200,金卡
2372,15283274527,普通
2373,13044572382,普通
2374,17517583508,银卡
2375,16725968891,金卡
2376,16211155623,普通
2377,15486059888,普通
2378,19490659230,银卡
2379,13440196119,金卡
2380,15049921024,普通
2381,19120410314,普通
2382,18356044305,银卡
2383,16227334814,金卡
2384,18286032800,普通
2385,18138425999,普通
2386,18943292784,银卡
2387,15945164497,金卡
2388,16313006209,普通
2389,16851128077,普通
2390,17597925703,银卡
2391,19353679862,金卡
2392,15015629627,普通
2393,18618009400,普通
2394,19637009330,银卡
2395,16827365765,金卡
2396,16638466043,普通
2397,19194160963,普通
2398,13141619579,银卡
2399,14828274235,金卡
2400,14612928044,普通
2401,18819925054,普通
2402,18710354479,银卡
2403,16213401890,金卡
2404,13953893724,普通
2405,15052834911,普通
2406,15959231519,银卡
2407,18453229633,金卡
2408,13467731797,普通
2409,16397766511,普通
2410,18486000027,银卡
2411,19985880342,金卡
2412,13283423045,普通
2413,19075356992,普通
2414,16049563498,银卡
2415,18928778548,金卡
2416,18722228885,普通
2417,18845147954,普通
2418,17403106676,银卡
2419,14662908331,金卡
2420,14048472142,普通
2421,16279762193,普通
2422,17809927331,银卡
2423,15925470070,金卡
2424,19625791447,普通
2425,14199186457,普通
2426,17740228118,银卡
2427,14617128847,金卡
2428,14883063803,普通
2429,17542649468,普通
2430,16999575440,银卡
2431,14058685975,金卡
2432,17173269241,普通
2433,19665190372,普通
2434,15344705001,银卡
2435,14875937034,金卡
2436,16835061770,普通
2437,18526140517,普通
2438,17242853587,银卡
2439,18794193331,金卡
2440,16401744234,普通
2441,17107453372,普通
2442,17333452591,银卡
2443,15943544147,金卡
2444,18877406022,普通
2445,19419630131,普通
2446,18982452312,银卡
2447,16752811849,金卡
2448,19336818871,普通
2449,15018244822,普通
2450,13498268735,银卡
2451,13634489507,金卡
2452,18749110110,普通
2453,15934518374,普通
2454,13812970385,银卡
2455,16822483886,金卡
2456,16353495993,普通
2457,19386246963,普通
2458,14146863173,银卡
2459,17957026546,金卡
2460,13301016951,普通
2461,18734907612,普通
2462,16237603574,银卡
2463,18037303142,金卡
2464,19404308537,普通
2465,15800697427,普通
2466,13516781083,银卡
2467,18093084568,金卡
2468,14035497434,普通
2469,17399337305,普通
2470,15466696786,银卡
2471,19365618278,金卡
2472,15024848968,普通
2473,14173282325,普通
2474,18229176461,银卡
2475,13741872320,金卡
2476,14449524180,普通
2477,17525544952,普通
2478,18238533306,银卡
2479,14819628466,金卡
2480,16137770537,普通
2481,14556454855,普通
2482,14683069620,银卡
2483,15919179385,金卡
2484,18825033241,普通
2485,19468526198,普通
2486,17623131249,银卡
2487,17242737660,金卡
2488,16192846404,普通
2489,15069909311,普通
2490,15347300327,银卡
2491,18419577727,金卡
2492,17077800803,普通
2493,14056807722,普通
2494,15053861704,银卡
2495,13220195426,金卡
2496,15260261182,普通
2497,18927038855,普通
2498,17585154765,银卡
2499,16988915626,金卡
2500,17863201668,普通
2501,18178374497,普通
2502,13662268357,银卡
2503,15064096061,金卡
2504,14654142569,普通
2505,18980371399,普通
2506,13137460400,银卡
2507,17048349551,金卡
2508,19134472523,普通
2509,16163935398,普通
2510,18736525987,银卡
2511,18186242136,金卡
2512,17060961978,普通
2513,17351661606,普通
2514,13041199981,银卡
2515,13420204653,金卡
2516,14549188312,普通
2517,19875873323,普通
2518,17145352274,银卡
2519,13728824783,金卡
2520,16147917064,普通
2521,13429675782,普通
2522,18439745685,银卡
2523,13787613605,金卡
2524,13806997160,普通
2525,18302658421,普通
2526,14194542731,银卡
2527,14195306347,金卡
2528,13487354786,普通
2529,17515675066,普通
2530,19340669329,银卡
2531,15489430749,金卡
2532,15937472161,普通
2533,16248740372,普通
2534,16379393772,银卡
2535,14205503342,金卡
2536,13663182008,普通
2537,13712870442,普通
2538,14224901764,银卡
2539,15320975155,金卡
2540,16171713743,普通
2541,13919786801,普通
2542,13894068314,银卡
2543,18047579051,金卡
2544,16797301883,普通
2545,14215719839,普通
2546,19572530768,银卡
2547,18133005889,金卡
2548,14185116443,普通
2549,18302137838,普通
2550,13830695011,银卡
2551,16606574316,金卡
2552,19908308313,普通
2553,17195151410,普通
2554,17964796761,银卡
2555,18677192858,金卡
2556,15111525492,普通
2557,19198271995,普通
2558,16784373120,银卡
2559,18890726713,金卡
2560,17863465709,普通
2561,15841786579,普通
2562,18820338471,银卡
2563,18096101447,金卡
2564,15892249589,普通
2565,16581942268,普通
2566,13402423034,银卡
2567,13602689639,金卡
2568,14482160661,普通
2569,15350815537,普通
2570,18761852162,银卡
2571,18491628841,金卡
2572,14288618414,普通
2573,13682449067,普通
2574,17848669681,银卡
2575,13537571105,金卡
2576,17479336222,普通
2577,18966779046,普通
2578,16754747441,银卡
2579,17632940020,金卡
2580,19368143646,普通
2581,15546062264,普通
2582,15722088471,银卡
2583,19120736640,金卡
2584,13655280778,普通
2585,16222056350,普通
2586,16978355544,银卡
2587,15160326382,金卡
2588,16434204218,普通
2589,18374798546,普通
2590,14773069208,银卡
2591,13480725239,金卡
2592,13515949014,普通
2593,19538231311,普通
2594,14567758106,银卡
2595,15413144148,金卡
2596,13982912800,普通
2597,16673877113,普通
2598,15657006337,银卡
2599,18613936167,金卡
2600,19704427765,普通
2601,17812821734,普通
2602,14559142190,银卡
2603,19325510865,金卡
2604,16494703007,普通
2605,15475889728,普通
2606,19974231662,银卡
2607,16923135516,金卡
2608,16014444005,普通
2609,18048822612,普通
2610,15026726373,银卡
2611,18056267017,金卡
2612,15942922020,普通
2613,19722003019,普通
2614,14770451708,银卡
2615,17289172121,金卡
2616,18400148388,普通
2617,13022181236,普通
2618,15505901117,银卡
2619,16603930044,金卡
2620,19673602015,普通
2621,15196418276,普通
2622,17819767569,银卡
2623,18826011017,金卡
2624,17106513323,普通
2625,13860608379,普通
2626,15613347003,银卡
2627,15374019505,金卡
2628,18646975489,普通
2629,18529423494,普通
2630,13804318921,银卡
2631,17369265792,金卡
2632,18060215061,普通
2633,13279311105,普通
2634,19329407225,银卡
2635,18960035143,金卡
2636,15928407688,普通
2637,19058816863,普通
2638,16263654371,银卡
2639,17304039976,金卡
2640,15961518631,普通
2641,18673097611,普通
2642,13750796456,银卡
2643,19289094448,金卡
2644,17049072036,普通
2645,13001164096,普通
2646,19898814706,银卡
2647,15958869661,金卡
2648,19979193187,普通
2649,17492921120,普通
2650,17191339467,银卡
2651,18774736819,金卡
2652,18743819612,普通
2653,13062153602,普通
2654,17248654157,银卡
2655,16306859322,金卡
2656,18885420738,普通
2657,15996438575,普通
2658,19820469912,银卡
2659,19642651460,金卡
2660,16612271163,普通
2661,15908827829,普通
2662,13040996446,银卡
2663,15629727001,金卡
2664,15848847225,普通
2665,17658694501,普通
2666,13779566989,银卡
2667,15021368149,金卡
2668,15242425809,普通
2669,13925718863,普通
2670,15808574617,银卡
2671,17428023748,金卡
2672,19987732028,普通
2673,13093300058,普通
2674,13842492049,银卡
2675,16268916741,金卡
2676,13106107549,普通
2677,15629163231,普通
2678,13778117146,银卡
2679,16370735853,金卡
2680,18453631267,普通
2681,15375111346,普通
2682,17851689842,银卡
2683,19603846462,金卡
2684,13981950984,普通
2685,14330830213,普通
2686,19867212337,银卡
2687,17874306226,金卡
2688,16977234583,普通
2689,13237404242,普通
2690,17668887735,银卡
2691,16590781359,金卡
2692,13229694914,普通
2693,18077827580,普通
2694,17707026129,银卡
2695,19325190562,金卡
2696,19788690237,普通
2697,15627420561,普通
2698,13843973277,银卡
2699,15460600392,金卡
2700,14228648557,普通
2701,15842730633,普通
2702,15205104598,银卡
2703,13259029965,金卡
2704,14426077625,普通
2705,14303580943,普通
2706,16922013095,银卡
2707,19402529843,金卡
2708,17230809559,普通
2709,17199862904,普通
2710,15988360069,银卡
2711,19759029079,金卡
2712,18322993947,普通
2713,15018190392,普通
2714,18742994265,银卡
2715,19608989969,金卡
2716,19727329068,普通
2717,17428854303,普通
2718,19190332982,银卡
2719,19559062352,金卡
2720,15288193430,普通
2721,14728922538,普通
2722,14244934999,银卡
2723,18207935492,金卡
2724,13095335938,普通
2725,13885850751,普通
2726,18016887875,银卡
2727,19882119159,金卡
2728,14851831618,普通
2729,18636760034,普通
2730,13874675059,银卡
2731,16282519067,金卡
2732,17732158083,普通
2733,13793564873,普通
2734,16849056077,银卡
2735,16444634633,金卡
2736,18866183022,普通
2737,15113595783,普通
2738,14867137285,银卡
2739,13759956783,金卡
2740,18576579274,普通
2741,14096326272,普通
2742,17611735593,银卡
2743,13734428754,金卡
2744,14139642100,普通
2745,18297900047,普通
2746,14064117000,银卡
2747,16697923947,金卡
2748,17469103861,普通
2749,16664986404,普通
2750,13943404829,银卡
2751,16153347006,金卡
2752,17733906155,普通
2753,16879010997,普通
2754,14290807156,银卡
2755,16683810085,金卡
2756,15503622022,普通
2757,15009472751,普通
2758,16048616066,银卡
2759,17513958676,金卡
2760,14711041293,普通
2761,15320186982,普通
2762,17290698482,银卡
2763,13013690292,金卡
2764,15950113222,普通
2765,16214678987,普通
2766,16035657390,银卡
2767,18671175330,金卡
2768,16637195824,普通
2769,14196595650,普通
2770,18814417530,银卡
2771,18002132718,金卡
2772,16091374894,普通
2773,18670167664,普通
2774,17149643306,银卡
2775,17774119916,金卡
2776,14698047854,普通
2777,15119179896,普通
2778,13002950131,银卡
2779,15650489686,金卡
2780,13914401887,普通
2781,18312096040,普通
2782,19141433294,银卡
2783,19961051957,金卡
2784,13406220817,普通
2785,17120113141,普通
2786,13243118862,银卡
2787,19516984402,金卡
2788,16280589374,普通
2789,18733934677,普通
2790,17021791881,银卡
2791,16447629964,金卡
2792,18749843968,普通
2793,14952266516,普通
2794,15427099588,银卡
2795,15077075357,金卡
2796,17385557048,普通
2797,19016074166,普通
2798,14235922749,银卡
2799,17667758630,金卡
2800,19271035621,普通
2801,13399220589,普通
2802,15877383076,银卡
2803,19349857072,金卡
2804,17843345737,普通
2805,15818969299,普通
2806,17883869706,银卡
2807,16871147460,金卡
2808,14608032204,普通
2809,16440608166,普通
2810,18498178335,银卡
2811,19686880753,金卡
2812,19618276968,普通
2813,19197883607,普通
2814,14254776095,银卡
2815,13647699225,金卡
2816,14928518774,普通
2817,13736915166,普通
2818,18946998592,银卡
2819,19420582490,金卡
2820,13116948074,普通
2821,15434428663,普通
2822,13953425644,银卡
2823,18201369557,金卡
2824,18178941506,普通
2825,13796282385,普通
2826,19391454912,银卡
2827,19955869647,金卡
2828,18470488282,普通
2829,13987514225,普通
2830,16369990962,银卡
2831,13879372011,金卡
2832,16918296229,普通
2833,19547404650,普通
2834,19947732466,银卡
2835,16084408379,金卡
2836,19823577221,普通
2837,13580538960,普通
2838,19506478787,银卡
2839,17536152438,金卡
2840,13603145803,普通
2841,14096207420,普通
2842,14619320947,银卡
2843,17233655108,金卡
2844,15741021741,普通
2845,19576383190,普通
2846,18055510501,银卡
2847,14184905368,金卡
2848,15423896184,普通
2849,13732531760,普通
2850,19002169636,银卡
2851,18968887979,金卡
2852,16063023488,普通
2853,18962629140,普通
2854,15530293764,银卡
2855,15064661740,金卡
2856,14524483617,普通
2857,15642526097,普通
2858,13133513255,银卡
2859,13257940095,金卡
2860,18037254740,普通
2861,18352177994,普通
2862,18988856087,银卡
2863,14097522216,金卡
2864,14376544451,普通
2865,14666275180,普通
2866,14313657281,银卡
2867,13425565567,金卡
2868,17450549115,普通
2869,18195951055,普通
2870,19724527735,银卡
2871,17473305020,金卡
2872,13826543670,普通
2873,15994192194,普通
2874,14474735768,银卡
2875,18631466673,金卡
2876,16756452342,普通
2877,14510522656,普通
2878,13178494541,银卡
2879,18885798461,金卡
2880,18272900622,普通
2881,15933808539,普通
2882,14158939285,银卡
2883,18323868538,金卡
2884,16652249178,普通
2885,16274451399,普通
2886,15114833813,银卡
2887,19810744588,金卡
2888,14603824366,普通
2889,19151676841,普通
2890,13626017129,银卡
2891,17391951537,金卡
2892,19111969800,普通
2893,13535318970,普通
2894,13089189437,银卡
2895,19752340595,金卡
2896,15960257260,普通
2897,16029447481,普通
2898,18587961181,银卡
2899,18006876770,金卡
2900,19375312865,普通
2901,17084485094,普通
2902,13122639437,银卡
2903,15575891786,金卡
2904,17631599521,普通
2905,13472894617,普通
2906,17353938544,银卡
2907,14648582752,金卡
2908,15579369041,普通
2909,16668230625,普通
2910,17774613021,银卡
2911,17255118063,金卡
2912,13696013081,普通
2913,15817709055,普通
2914,19125650288,银卡
2915,14433357957,金卡
2916,14766405560,普通
2917,13832280427,普通
2918,18135647152,银卡
2919,19711970136,金卡
2920,17206439843,普通
2921,17461534168,普通
2922,18121677164,银卡
2923,18009240619,金卡
2924,13226755677,普通
2925,16227837500,普通
2926,16039228215,银卡
2927,17800405818,金卡
2928,15070910977,普通
2929,19787702524,普通
2930,17089040125,银卡
2931,14124784186,金卡
2932,16401955390,普通
2933,14265766165,普通
2934,17337128390,银卡
2935,14411478423,金卡
2936,17502538120,普通
2937,19145500732,普通
2938,16104444713,银卡
2939,14734429897,金卡
2940,13470800941,普通
2941,14993814598,普通
2942,19938860047,银卡
2943,19802466487,金卡
2944,16968226261,普通
2945,18125775600,普通
2946,19724565106,银卡
2947,17754404689,金卡
2948,14945683132,普通
2949,15754801935,普通
2950,13732486057,银卡
2951,18560378646,金卡
2952,13184846998,普通
2953,13675283288,普通
2954,15210838840,银卡
2955,15851898183,金卡
2956,16713996780,普通
2957,19920129141,普通
2958,17903596805,银卡
2959,13188096971,金卡
2960,15578333300,普通
2961,13246054929,普通
2962,19284137466,银卡
2963,16636106359,金卡
2964,14862879015,普通
2965,18050370638,普通
2966,14558164117,银卡
2967,16978008732,金卡
2968,13578701979,普通
2969,19176278034,普通
2970,15529037201,银卡
2971,16183427890,金卡
2972,18795313819,普通
2973,15420836670,普通
2974,16134973874,银卡
2975,16147039111,金卡
2976,18281602644,普通
2977,17088152871,普通
2978,16171286323,银卡
2979,19484396922,金卡
2980,16295459794,普通
2981,13987535873,普通
2982,13097431605,银卡
2983,17184607194,金卡
2984,16555929952,普通
2985,18748410363,普通
2986,13082932368,银卡
2987,17392713220,金卡
2988,18384046369,普通
2989,13236130052,普通
2990,19194710225,银卡
2991,14617898964,金卡
2992,13057024438,普通
2993,15232062594,普通
2994,16577068396,银卡
2995,18993428826,金卡
2996,15388558837,普通
2997,13594892557,普通
2998,14351998099,银卡
2999,15716044925,金卡
3000,14324077545,普通
3001,19361538083,普通
3002,19747192627,银卡
3003,16813887158,金卡
3004,17672571149,普通
3005,17618596398,普通
3006,19708510182,银卡
3007,14329917357,金卡
3008,18214828765,普通
3009,18370672023,普通
3010,14521280033,银卡
3011,17559617028,金卡
3012,16270018291,普通
3013,14193651040,普通
3014,15583159086,银卡
3015,14537686935,金卡
3016,14153726485,普通
3017,19622080649,普通
3018,15366251249,银卡
3019,14510245971,金卡
3020,14591166586,普通
3021,16561682707,普通
3022,14289695425,银卡
3023,15189127314,金卡
3024,18754431899,普通
3025,14378849637,普通
3026,14581788713,银卡
3027,18946214730,金卡
3028,14375803265,普通
3029,14928586903,普通
3030,16162460376,银卡
3031,18762081985,金卡
3032,14626752627,普通
3033,16989696266,普通
3034,17235852054,银卡
3035,15281970763,金卡
3036,13395652820,普通
3037,18246483443,普通
3038,15756435461,银卡
3039,19731383184,金卡
3040,14573057914,普通
3041,19125296324,普通
3042,14613030576,银卡
3043,13997728147,金卡
3044,19618592125,普通
3045,15581347437,普通
3046,14441268496,银卡
3047,15635879429,金卡
3048,17302450138,普通
3049,16747402458,普通
3050,15257387411,银卡
3051,15070755063,金卡
3052,15348390046,普通
3053,18571289374,普通
3054,13000369656,银卡
3055,13719384431,金卡
3056,13998722577,普通
3057,19525663483,普通
3058,15929287321,银卡
3059,16781921542,金卡
3060,18392960963,普通
3061,14825629579,普通
3062,13723367944,银卡
3063,18394831423,金卡
3064,13435823286,普通
3065,13342848792,普通
3066,14936024669,银卡
3067,16759951721,金卡
3068,18504592517,普通
3069,19389661299,普通
3070,17488463533,银卡
3071,17261098890,金卡
3072,19242013687,普通
3073,15035744337,普通
3074,18540844074,银卡
3075,15297258440,金卡
3076,13149573466,普通
3077,13201793829,普通
3078,16726660738,银卡
3079,17373251676,金卡
3080,19460983897,普通
3081,15405461001,普通
3082,14837418177,银卡
3083,17859790065,金卡
3084,16520203201,普通
3085,17034968831,普通
3086,19759271180,银卡
3087,19582568874,金卡
3088,18006108774,普通
3089,15382999916,普通
3090,15378480153,银卡
3091,16579935973,金卡
3092,16813932774,普通
3093,13093212706,普通
3094,19174646768,银卡
3095,19052222651,金卡
3096,16111138912,普通
3097,15297699282,普通
3098,13373565821,银卡
3099,15475932357,金卡
3100,15606197893,普通
3101,15095623261,普通
3102,17800758888,银卡
3103,17128395190,金卡
3104,19777299523,普通
3105,14590183779,普通
3106,14936023505,银卡
3107,13672978354,金卡
3108,17767772606,普通
3109,15455385233,普通
3110,17958138915,银卡
3111,16415182698,金卡
3112,13106449684,普通
3113,18232063948,普通
3114,18582583121,银卡
3115,19150948280,金卡
3116,16863742876,普通
3117,18409451591,普通
3118,18085167393,银卡
3119,14297482326,金卡
3120,18119746878,普通
3121,15789184596,普通
3122,17243208708,银卡
3123,14050952731,金卡
3124,15518428707,普通
3125,17318146864,普通
3126,17125772642,银卡
3127,13699183009,金卡
3128,17009466835,普通
3129,17627723853,普通
3130,16710811636,银卡
3131,14153784624,金卡
3132,17459931804,普通
3133,13582945357,普通
3134,17994594222,银卡
3135,17498996856,金卡
3136,16892371259,普通
3137,19872280607,普通
3138,15293678697,银卡
3139,18302092810,金卡
3140,17241032585,普通
3141,15411618232,普通
3142,16659969406,银卡
3143,16279698419,金卡
3144,16187607233,普通
3145,18559751106,普通
3146,18544331601,银卡
3147,14875383208,金卡
3148,16399451817,普通
3149,13043525738,普通
3150,13659630469,银卡
3151,13356127906,金卡
3152,14613343539,普通
3153,16162664130,普通
3154,18683963323,银卡
3155,14024589631,金卡
3156,13201954582,普通
3157,18019324220,普通
3158,15403736023,银卡
3159,14369273855,金卡
3160,17373626260,普通
3161,17576151619,普通
3162,18804916484,银卡
3163,16350225632,金卡
3164,14235097808,普通
3165,17059690136,普通
3166,19157378426,银卡
3167,19885049817,金卡
3168,16692086770,普通
3169,16645798389,普通
3170,14424574553,银卡
3171,16310624731,金卡
3172,18014657239,普通
3173,15690675065,普通
3174,15294249005,银卡
3175,14469674779,金卡
3176,17276747295,普通
3177,13242825701,普通
3178,18915595244,银卡
3179,15402350812,金卡
3180,19088022134,普通
3181,13974587182,普通
3182,14578012921,银卡
3183,19009581988,金卡
3184,13359230018,普通
3185,14135415965,普通
3186,18347700811,银卡
3187,14712110661,金卡
3188,14169259590,普通
3189,14650978186,普通
3190,15591446223,银卡
3191,13059809160,金卡
3192,17350042073,普通
3193,16771375138,普通
3194,19672476195,银卡
3195,13544968421,金卡
3196,13901297974,普通
3197,13937091784,普通
3198,16769841618,银卡
3199,15468918731,金卡
3200,16356724352,普通
3201,14479284100,普通
3202,16517439753,银卡
3203,14459182612,金卡
3204,17115921580,普通
3205,14426785365,普通
3206,13616903059,银卡
3207,19657617286,金卡
3208,15570230237,普通
3209,17648458263,普通
3210,16985153922,银卡
3211,17611464283,金卡
3212,14432371348,普通
3213,17001595006,普通
3214,19436405475,银卡
3215,18610001324,金卡
3216,13708878761,普通
3217,17928831869,普通
3218,17598083711,银卡
3219,15023736622,金卡
3220,15941063300,普通
3221,19494898887,普通
3222,14745254011,银卡
3223,15013699007,金卡
3224,14777422910,普通
3225,14925480151,普通
3226,18793903092,银卡
3227,16817124553,金卡
3228,13748235817,普通
3229,19254184354,普通
3230,19065942954,银卡
3231,18393497675,金卡
3232,13026118799,普通
3233,17147793201,普通
3234,15039232061,银卡
3235,18607076385,金卡
3236,15158615511,普通
3237,16553240596,普通
3238,16497585950,银卡
3239,19431680651,金卡
3240,14772146054,普通
3241,17021561898,普通
3242,19162046746,银卡
3243,13784725794,金卡
3244,19842748498,普通
3245,15528670856,普通
3246,17277037244,银卡
3247,16900252787,金卡
3248,15506528805,普通
3249,16947733450,普通
3250,16215106255,银卡
3251,16607150237,金卡
3252,17064279529,普通
3253,16547166245,普通
3254,19235005215,银卡
3255,14932268397,金卡
3256,13907800179,普通
3257,18490824189,普通
3258,15150123259,银卡
3259,17463522150,金卡
3260,15820880130,普通
3261,15575206501,普通
3262,19815198321,银卡
3263,19542146098,金卡
3264,17097420476,普通
3265,13276466912,普通
3266,16022398912,银卡
3267,15774460202,金卡
3268,17323571982,普通
3269,19927378205,普通
3270,15635490582,银卡
3271,14324644535,金卡
3272,19829600799,普通
3273,14463076131,普通
3274,17852412603,银卡
3275,13598611264,金卡
3276,16545314779,普通
3277,14111224288,普通
3278,13158909952,银卡
3279,15856349181,金卡
3280,17843478844,普通
3281,19827917392,普通
3282,19627716017,银卡
3283,14446329427,金卡
3284,14052863712,普通
3285,15194064430,普通
3286,17155367445,银卡
3287,14665094496,金卡
3288,13722041864,普通
3289,16323023097,普通
3290,18727142024,银卡
3291,18741874659,金卡
3292,19040898655,普通
3293,18858727229,普通
3294,16729142380,银卡
3295,13389981726,金卡
3296,14011545153,普通
3297,17210426565,普通
3298,13001834773,银卡
3299,14913846109,金卡
3300,14185736567,普通
3301,19431723862,普通
3302,13601713502,银卡
3303,16860821657,金卡
3304,16050976362,普通
3305,19688550763,普通
3306,17851175560,银卡
3307,13360726205,金卡
3308,18159807326,普通
3309,19273256689,普通
3310,17142736100,银卡
3311,13945789936,金卡
3312,14606849425,普通
3313,16936938333,普通
3314,14115864301,银卡
3315,13070451898,金卡
3316,15326439503,普通
3317,16374002042,普通
3318,14381920641,银卡
3319,17315722859,金卡
3320,18776511420,普通
3321,17701165855,普通
3322,19919218705,银卡
3323,17452471657,金卡
3324,16270480114,普通
3325,14107101939,普通
3326,14365091958,银卡
3327,14714815758,金卡
3328,19757708894,普通
3329,18021335220,普通
3330,14779097348,银卡
3331,19395756011,金卡
3332,13620174709,普通
3333,16901312984,普通
3334,16047279564,银卡
3335,13180525968,金卡
3336,15941369159,普通
3337,17836917947,普通
3338,17915994242,银卡
3339,15672646860,金卡
3340,17146343428,普通
3341,13046227021,普通
3342,17163947635,银卡
3343,13089008450,金卡
3344,17742361925,普通
3345,14703700097,普通
3346,15232700955,银卡
3347,17318922949,金卡
3348,13750426286,普通
3349,14400243189,普通
3350,16206604012,银卡
3351,15754889372,金卡
3352,19064860041,普通
3353,16685846704,普通
3354,18336710317,银卡
3355,19495405871,金卡
3356,19961664599,普通
3357,19815415504,普通
3358,14179574262,银卡
3359,16922880160,金卡
3360,18186647216,普通
3361,18944598903,普通
3362,16369603873,银卡
3363,13972055018,金卡
3364,17569732998,普通
3365,13218314250,普通
3366,13099422737,银卡
3367,18762707300,金卡
3368,18755931640,普通
3369,13982513951,普通
3370,13331929875,银卡
3371,17674497734,金卡
3372,16106116019,普通
3373,13537037176,普通
3374,18090802687,银卡
3375,19060772866,金卡
3376,16360654026,普通
3377,15625838607,普通
3378,16951666939,银卡
3379,14279083501,金卡
3380,14857473823,普通
3381,13545874554,普通
3382,15461143356,银卡
3383,19291546735,金卡
3384,14041128504,普通
3385,15484424555,普通
3386,17181068947,银卡
3387,17759941345,金卡
3388,15841490170,普通
3389,18421099629,普通
3390,14669108685,银卡
3391,18147188579,金卡
3392,14625942946,普通
3393,15308407591,普通
3394,19859218753,银卡
3395,19754254132,金卡
3396,14226713243,普通
3397,14193463998,普通
3398,13319081107,银卡
3399,13039780267,金卡
3400,13754583521,普通
3401,17704471132,普通
3402,13183352835,银卡
3403,19988593376,金卡
3404,18566689794,普通
3405,16821390164,普通
3406,14600862761,银卡
3407,19554683453,金卡
3408,16319962237,普通
3409,17339835876,普通
3410,18151466791,银卡
3411,14678631704,金卡
3412,19793268772,普通
3413,18235006536,普通
3414,14300295480,银卡
3415,13722225926,金卡
3416,19192407464,普通
3417,16365018697,普通
3418,16243171250,银卡
3419,16343892753,金卡
3420,14611327133,普通
3421,13184186580,普通
3422,14167848323,银卡
3423,13672429497,金卡
3424,13146054053,普通
3425,15048449200,普通
3426,15535302990,银卡
3427,17675655471,金卡
3428,15179934252,普通
3429,15417078433,普通
3430,17343969336,银卡
3431,14911833304,金卡
3432,17119407323,普通
3433,19497175761,普通
3434,14726746775,银卡
3435,15898754798,金卡
3436,15035897246,普通
3437,17617929345,普通
3438,19029415759,银卡
3439,19353567355,金卡
3440,17179327680,普通
3441,13003995408,普通
3442,15893816494,银卡
3443,13588984931,金卡
3444,14734752072,普通
3445,19155739276,普通
3446,17340467129,银卡
3447,19474862155,金卡
3448,13478262603,普通
3449,19712203192,普通
3450,19435919659,银卡
3451,13618288046,金卡
3452,15072337455,普通
3453,18054303025,普通
3454,14288550374,银卡
3455,19954447662,金卡
3456,14686333989,普通
3457,18102364837,普通
3458,13368311834,银卡
3459,16998465697,金卡
3460,14295624746,普通
3461,17761051430,普通
3462,19219414519,银卡
3463,14582174693,金卡
3464,14990797598,普通
3465,14189796254,普通
3466,18688769084,银卡
3467,18197852735,金卡
3468,14646085354,普通
3469,14451557663,普通
3470,13642043439,银卡
3471,13212042373,金卡
3472,16222277123,普通
3473,17361617985,普通
3474,15017115177,银卡
3475,13920993249,金卡
3476,15393969334,普通
3477,13147186559,普通
3478,18678765881,银卡
3479,17973413759,金卡
3480,16069200054,普通
3481,13810973878,普通
3482,16997402691,银卡
3483,17971576261,金卡
3484,13200447888,普通
3485,14518822590,普通
3486,16239832382,银卡
3487,17173768400,金卡
3488,15559071859,普通
3489,19282110830,普通
3490,15495460852,银卡
3491,16020866297,金卡
3492,18188240466,普通
3493,14672840709,普通
3494,19584994181,银卡
3495,13006552136,金卡
3496,15415791151,普通
3497,16552040245,普通
3498,18145452370,银卡
3499,19917420506,金卡
3500,13430902473,普通
3501,17186123281,普通
3502,17093478517,银卡
3503,19292279284,金卡
3504,15780314079,普通
3505,16202784004,普通
3506,14138577798,银卡
3507,16259167237,金卡
3508,16777989956,普通
3509,18660916483,普通
3510,19504593304,银卡
3511,18486939149,金卡
3512,15188588846,普通
3513,13351513840,普通
3514,14566625680,银卡
3515,15229496593,金卡
3516,13913637848,普通
3517,15034799511,普通
3518,16061149634,银卡
3519,19775969762,金卡
3520,15182265474,普通
3521,18275271650,普通
3522,13990503084,银卡
3523,18348263424,金卡
3524,17180363995,普通
3525,17317415683,普通
3526,13578059255,银卡
3527,14472972182,金卡
3528,17564341472,普通
3529,14087310159,普通
3530,19701758478,银卡
3531,17852409998,金卡
3532,18174619679,普通
3533,15576388248,普通
3534,16882020503,银卡
3535,18752333398,金卡
3536,19426112232,普通
3537,19679943739,普通
3538,16843596400,银卡
3539,15966463884,金卡
3540,18846148409,普通
3541,13773263197,普通
3542,18880692701,银卡
3543,14211200044,金卡
3544,15298075306,普通
3545,19832935464,普通
3546,15162835134,银卡
3547,13474246680,金卡
3548,18756082032,普通
3549,17425950540,普通
3550,14758268976,银卡
3551,18126875795,金卡
3552,14299972683,普通
3553,15633201513,普通
3554,19997583297,银卡
3555,16302901268,金卡
3556,19786606770,普通
3557,14017068830,普通
3558,19183615286,银卡
3559,19693453844,金卡
3560,18690055790,普通
3561,13142477697,普通
3562,15235112742,银卡
3563,13903047395,金卡
3564,17656163505,普通
3565,14427039780,普通
3566,14234568348,银卡
3567,17522605554,金卡
3568,18079292520,普通
3569,15593987962,普通
3570,17894901500,银卡
3571,17603208857,金卡
3572,18768775154,普通
3573,16746120926,普通
3574,14402428544,银卡
3575,14959032150,金卡
3576,19134177011,普通
3577,15845255723,普通
3578,13451321457,银卡
3579,15387680805,金卡
3580,19190097204,普通
3581,17429223662,普通
3582,19893665719,银卡
3583,16279901379,金卡
3584,15366208134,普通
3585,17776459195,普通
3586,13141081524,银卡
3587,19019291082,金卡
3588,16993328388,普通
3589,15659304982,普通
3590,16853438298,银卡
3591,18517964719,金卡
3592,18327634878,普通
3593,15260522477,普通
3594,17227994288,银卡
3595,17508003399,金卡
3596,17082891958,普通
3597,19045712550,普通
3598,19968834406,银卡
3599,17537451166,金卡
3600,15617466946,普通
3601,16257596647,普通
3602,14835822094,银卡
3603,15857672733,金卡
3604,19504335010,普通
3605,13046292270,普通
3606,19989532773,银卡
3607,18059448408,金卡
3608,18254320806,普通
3609,13802180891,普通
3610,15031227769,银卡
3611,17885552212,金卡
3612,15304049266,普通
3613,19386628714,普通
3614,14403444724,银卡
3615,19446224727,金卡
3616,17150695729,普通
3617,16689063128,普通
3618,18275238860,银卡
3619,13073805821,金卡
3620,14379026118,普通
3621,17018196536,普通
3622,17908904712,银卡
3623,13437715286,金卡
3624,13596405779,普通
3625,15527810380,普通
3626,14791295690,银卡
3627,15128875843,金卡
3628,14018805154,普通
3629,17404084103,普通
3630,14082070816,银卡
3631,13213280709,金卡
3632,18839603313,普通
3633,15003141431,普通
3634,17766946975,银卡
3635,18660301589,金卡
3636,17277991884,普通
3637,16047821958,普通
3638,13727095426,银卡
3639,16539811973,金卡
3640,15663264174,普通
3641,14250505546,普通
3642,18325265315,银卡
3643,13634800762,金卡
3644,13375963714,普通
3645,18782446012,普通
3646,19668400405,银卡
3647,17970325654,金卡
3648,15797577230,普通
3649,14656211138,普通
3650,15770783873,银卡
3651,19490312145,金卡
3652,18499270099,普通
3653,14503025497,普通
3654,17127341891,银卡
3655,18607783579,金卡
3656,16233362424,普通
3657,16718900031,普通
3658,15656623190,银卡
3659,13274021008,金卡
3660,13493446364,普通
3661,17907676575,普通
3662,18879825100,银卡
3663,16465178440,金卡
3664,13179601089,普通
3665,19754207544,普通
3666,15245011613,银卡
3667,14177889562,金卡
3668,16706503549,普通
3669,17165471697,普通
3670,14971254545,银卡
3671,18102620249,金卡
3672,13832900268,普通
3673,15396356549,普通
3674,14027118888,银卡
3675,14540621835,金卡
3676,18724230597,普通
3677,16836728167,普通
3678,18084618490,银卡
3679,17572228640,金卡
3680,16043095090,普通
3681,17970160592,普通
3682,19323711151,银卡
3683,14218465641,金卡
3684,18255489249,普通
3685,14650245393,普通
3686,15906459794,银卡
3687,16087802020,金卡
3688,16665639278,普通
3689,15802868331,普通
3690,14244541662,银卡
3691,14967727969,金卡
3692,18727174772,普通
3693,15826998403,普通
3694,14644183707,银卡
3695,16296882535,金卡
3696,19771571010,普通
3697,17340522173,普通
3698,17607908758,银卡
3699,17288938851,金卡
3700,19111056858,普通
3701,15420551812,普通
3702,19985276904,银卡
3703,18944688309,金卡
3704,19278950372,普通
3705,16144322274,普通
3706,17477460509,银卡
3707,19564992173,金卡
3708,16238359886,普通
3709,19942962969,普通
3710,19810958944,银卡
3711,17105505930,金卡
3712,13770877479,普通
3713,17803737795,普通
3714,16153925006,银卡
3715,14969595275,金卡
3716,16582583697,普通
3717,13204595906,普通
3718,17346805035,银卡
3719,17556299685,金卡
3720,15386678877,普通
3721,15309235183,普通
3722,19740376163,银卡
3723,14061267641,金卡
3724,15571339966,普通
3725,16629769067,普通
3726,19046147525,银卡
3727,15143564902,金卡
3728,18400886451,普通
3729,15259472506,普通
3730,19596707410,银卡
3731,17791988063,金卡
3732,19804184660,普通
3733,19963405316,普通
3734,17035026555,银卡
3735,14814853568,金卡
3736,16703413968,普通
3737,13378123845,普通
3738,15361130460,银卡
3739,16978687212,金卡
3740,15049868665,普通
3741,18628089107,普通
3742,16641102532,银卡
3743,17262492640,金卡
3744,14556160397,普通
3745,19318157471,普通
3746,18220531980,银卡
3747,19572586876,金卡
3748,13855035159,普通
3749,18023061245,普通
3750,13665824430,银卡
3751,16913493451,金卡
3752,17145225508,普通
3753,13413511434,普通
3754,14129433853,银卡
3755,19041209801,金卡
3756,14673111570,普通
3757,15316759008,普通
3758,14946397585,银卡
3759,17314200121,金卡
3760,14822896520,普通
3761,19753158230,普通
3762,19642520433,银卡
3763,15650398082,金卡
3764,15667550733,普通
3765,16434297589,普通
3766,18948382351,银卡
3767,16781869772,金卡
3768,18321947906,普通
3769,13626720537,普通
3770,14892863297,银卡
3771,15167546821,金卡
3772,19269670900,普通
3773,16776675447,普通
3774,14268275266,银卡
3775,18874877235,金卡
3776,19297537048,普通
3777,13723218752,普通
3778,18871696201,银卡
3779,15284712667,金卡
3780,19435500438,普通
3781,15995588568,普通
3782,15785235027,银卡
3783,13871864483,金卡
3784,15831874069,普通
3785,16081486073,普通
3786,13663234267,银卡
3787,18320316698,金卡
3788,18275302807,普通
3789,16083939409,普通
3790,14797060073,银卡
3791,17367266787,金卡
3792,16262686993,普通
3793,14924212306,普通
3794,17100685642,银卡
3795,13428940679,金卡
3796,16447836653,普通
3797,18859386458,普通
3798,18886625382,银卡
3799,13780978164,金卡
3800,19425534712,普通
3801,16705398477,普通
3802,17881305016,银卡
3803,18869333472,金卡
3804,17084395976,普通
3805,14455437819,普通
3806,15189495351,银卡
3807,18407640661,金卡
3808,13064483773,普通
3809,15950477593,普通
3810,19453723295,银卡
3811,15395458484,金卡
3812,17374862307,普通
3813,13378662002,普通
3814,16807388878,银卡
3815,13607272652,金卡
3816,19395086243,普通
3817,19930551942,普通
3818,18446258481,银卡
3819,18750108114,金卡
3820,13215075028,普通
3821,17360851397,普通
3822,16350240221,银卡
3823,18570043905,金卡
3824,17782998250,普通
3825,15754479325,普通
3826,19110279515,银卡
3827,18247090820,金卡
3828,19361920999,普通
3829,14298305595,普通
3830,16538205131,银卡
3831,16467746315,金卡
3832,15359390928,普通
3833,13911700645,普通
3834,16574455149,银卡
3835,19727352650,金卡
3836,14165092639,普通
3837,15969712220,普通
3838,19405289684,银卡
3839,13791161745,金卡
3840,14891668039,普通
3841,15140315961,普通
3842,17991974137,银卡
3843,15529560501,金卡
3844,18203345415,普通
3845,15158094911,普通
3846,15920990769,银卡
3847,14206077915,金卡
3848,13581414872,普通
3849,19761871149,普通
3850,15308399295,银卡
3851,16527010069,金卡
3852,13356562754,普通
3853,18851821927,普通
3854,18286597129,银卡
3855,15602207223,金卡
3856,15639535606,普通
3857,16346950435,普通
3858,15384042101,银卡
3859,15878711900,金卡
3860,16372348591,普通
3861,16570535407,普通
3862,13913214250,银卡
3863,19182037322,金卡
3864,13598656670,普通
3865,18120991709,普通
3866,17952952696,银卡
3867,19955531373,金卡
3868,17227590327,普通
3869,17166154645,普通
3870,14282890825,银卡
3871,13757042420,金卡
3872,15477558537,普通
3873,17412716176,普通
3874,16880892598,银卡
3875,16637424628,金卡
3876,17509967639,普通
3877,19891254382,普通
3878,18418458904,银卡
3879,13156677060,金卡
3880,13992711489,普通
3881,16051676269,普通
3882,16587453683,银卡
3883,17710898840,金卡
3884,17337427275,普通
3885,15345263903,普通
3886,19442164355,银卡
3887,13217350827,金卡
3888,17669808543,普通
3889,15919031370,普通
3890,14014910557,银卡
3891,16173342429,金卡
3892,14622781698,普通
3893,15658079521,普通
3894,18350814296,银卡
3895,18573099912,金卡
3896,17515634063,普通
3897,19122775320,普通
3898,16853623607,银卡
3899,15300449274,金卡
3900,15617875838,普通
3901,16199678921,普通
3902,15853417638,银卡
3903,19440013782,金卡
3904,19677502503,普通
3905,14584456321,普通
3906,17963819208,银卡
3907,19403524112,金卡
3908,15797901104,普通
3909,18932843110,普通
3910,19247404168,银卡
3911,17859500374,金卡
3912,16035416899,普通
3913,18281946467,普通
3914,13834933532,银卡
3915,13628796568,金卡
3916,15226960596,普通
3917,13340044101,普通
3918,13164369399,银卡
3919,16197766394,金卡
3920,15444237387,普通
3921,14539810808,普通
3922,13995618814,银卡
3923,19451907141,金卡
3924,19071342724,普通
3925,14897534215,普通
3926,15940760455,银卡
3927,16486930889,金卡
3928,17097667967,普通
3929,13119229891,普通
3930,18616961737,银卡
3931,15597240710,金卡
3932,15911825677,普通
3933,16070840540,普通
3934,16848479813,银卡
3935,15961483031,金卡
3936,14478809639,普通
3937,14807686384,普通
3938,17945830162,银卡
3939,15297259178,金卡
3940,15278990910,普通
3941,19688783992,普通
3942,13925118552,银卡
3943,19139938842,金卡
3944,13771102263,普通
3945,14446099584,普通
3946,17297131315,银卡
3947,17705360817,金卡
3948,19225343349,普通
3949,19692410171,普通
3950,14640016391,银卡
3951,15413876155,金卡
3952,18543733660,普通
3953,18553290614,普通
3954,17907599826,银卡
3955,15242620645,金卡
3956,18734137067,普通
3957,14206875473,普通
3958,19521536015,银卡
3959,15630048870,金卡
3960,18147496217,普通
3961,19560172518,普通
3962,16796310636,银卡
3963,19439827516,金卡
3964,14035710669,普通
3965,15283530268,普通
3966,14209444267,银卡
3967,17386571614,金卡
3968,17455244605,普通
3969,16867913740,普通
3970,15274020213,银卡
3971,17740635179,金卡
3972,14262699746,普通
3973,14866894091,普通
3974,19942676354,银卡
3975,15996357345,金卡
3976,17732312272,普通
3977,19322873574,普通
3978,19873030211,银卡
3979,13081658984,金卡
3980,19195046724,普通
3981,19802958750,普通
3982,14533792584,银卡
3983,13869893304,金卡
3984,18636832960,普通
3985,14755410987,普通
3986,17634212250,银卡
3987,15474798427,金卡
3988,17352759201,普通
3989,17836928858,普通
3990,19084139814,银卡
3991,18995406044,金卡
3992,17862729756,普通
3993,19733707207,普通
3994,17632279717,银卡
3995,15917345118,金卡
3996,17021194371,普通
3997,15897241342,普通
3998,18284148253,银卡
3999,15784354451,金卡
4000,16352536656,普通
4001,17730308725,普通
4002,18236345778,银卡
4003,15798369425,金卡
4004,17344190715,普通
4005,15671222645,普通
4006,18701780993,银卡
4007,15870844044,金卡
4008,18644289085,普通
4009,17187989228,普通
4010,17191705176,银卡
4011,16244220118,金卡
4012,15330958111,普通
4013,13050914498,普通
4014,18605078921,银卡
4015,19773571170,金卡
4016,13700479372,普通
4017,15157088996,普通
4018,14257757229,银卡
4019,16633365820,金卡
4020,19753756246,普通
4021,18820233356,普通
4022,14926370225,银卡
4023,17796049535,金卡
4024,14771385109,普通
4025,18855659036,普通
4026,13068694186,银卡
4027,15361518016,金卡
4028,15801249599,普通
4029,14614995876,普通
4030,18814372664,银卡
4031,16157791235,金卡
4032,14519167230,普通
4033,17744777736,普通
4034,14889347492,银卡
4035,19885406822,金卡
4036,17792931239,普通
4037,13642042071,普通
4038,13210578257,银卡
4039,14766752967,金卡
4040,16440820048,普通
4041,18270902038,普通
4042,18381680143,银卡
4043,19239469032,金卡
4044,19654492908,普通
4045,17888309550,普通
4046,13553173922,银卡
4047,13934013624,金卡
4048,14458153710,普通
4049,15436715090,普通
4050,17791806771,银卡
4051,18588684431,金卡
4052,18683699377,普通
4053,18568813343,普通
4054,17158038659,银卡
4055,16268128411,金卡
4056,16674065309,普通
4057,13548063049,普通
4058,13095974837,银卡
4059,13351982562,金卡
4060,16166132643,普通
4061,18345206916,普通
4062,17043697253,银卡
4063,18672289383,金卡
4064,15421484091,普通
4065,17905783265,普通
4066,13076133919,银卡
4067,17952508803,金卡
4068,17331157393,普通
4069,16175068057,普通
4070,13657503463,银卡
4071,13134413479,金卡
4072,16962741514,普通
4073,17495575280,普通
4074,13508432504,银卡
4075,13343440651,金卡
4076,15560490274,普通
4077,19817884345,普通
4078,15255762789,银卡
4079,18233062248,金卡
4080,16618825496,普通
4081,13790348785,普通
4082,14861580097,银卡
4083,17827894700,金卡
4084,15613701389,普通
4085,14543931807,普通
4086,19964146515,银卡
4087,16785256956,金卡
4088,14023100720,普通
4089,18125767252,普通
4090,17233243374,银卡
4091,14679379811,金卡
4092,14956111511,普通
4093,15283548394,普通
4094,15032403080,银卡
4095,14866819359,金卡
4096,16006205480,普通
4097,17970942872,普通
4098,18537531091,银卡
4099,17994079890,金卡
4100,19026753690,普通
4101,19377386597,普通
4102,13392885578,银卡
4103,15498173843,金卡
4104,13168179419,普通
4105,19036212293,普通
4106,13619790544,银卡
4107,19856725264,金卡
4108,19100039392,普通
4109,19336130601,普通
4110,16893455793,银卡
4111,18839268409,金卡
4112,14717099596,普通
4113,13091740963,普通
4114,17340399783,银卡
4115,13725864009,金卡
4116,18321239465,普通
4117,18019701224,普通
4118,14840948085,银卡
4119,19723179565,金卡
4120,14483531486,普通
4121,16989811732,普通
4122,15849189178,银卡
4123,19506399077,金卡
4124,17790037935,普通
4125,14766579446,普通
4126,18384232954,银卡
4127,19594312691,金卡
4128,15605185864,普通
4129,17480310942,普通
4130,16062044704,银卡
4131,19702562611,金卡
4132,14846064118,普通
4133,14502362522,普通
4134,15403579230,银卡
4135,13175170044,金卡
4136,15297080684,普通
4137,15335134127,普通
4138,18829584463,银卡
4139,19956211784,金卡
4140,14502352900,普通
4141,13607181530,普通
4142,19034122948,银卡
4143,17420385385,金卡
4144,18746624020,普通
4145,19493041481,普通
4146,18387371346,银卡
4147,14950141846,金卡
4148,13860684609,普通
4149,14686360554,普通
4150,16454178735,银卡
4151,17817929586,金卡
4152,17320161682,普通
4153,14602202994,普通
4154,19053987622,银卡
4155,18399867887,金卡
4156,18051646769,普通
4157,17775490735,普通
4158,19866174632,银卡
4159,18029551489,金卡
4160,16255100194,普通
4161,18681371328,普通
4162,15845279681,银卡
4163,17030595912,金卡
4164,17336925363,普通
4165,14705537299,普通
4166,13172475304,银卡
4167,14112965740,金卡
4168,15212749897,普通
4169,19983743045,普通
4170,19310750121,银卡
4171,16827333337,金卡
4172,18440375707,普通
4173,17044169378,普通
4174,14123728296,银卡
4175,18238539046,金卡
4176,15237711989,普通
4177,19657328972,普通
4178,15375013102,银卡
4179,13916168600,金卡
4180,18546439666,普通
4181,16998717445,普通
4182,14939003873,银卡
4183,17298533632,金卡
4184,18999618627,普通
4185,18363103123,普通
4186,18905318231,银卡
4187,19382367257,金卡
4188,19540558444,普通
4189,15005406013,普通
4190,18167946709,银卡
4191,15418250197,金卡
4192,13347627345,普通
4193,15072402174,普通
4194,19195298578,银卡
4195,16829943501,金卡
4196,16337432481,普通
4197,13265012710,普通
4198,15038990625,银卡
4199,19201992460,金卡
4200,18205467281,普通
4201,13752128722,普通
4202,15041620732,银卡
4203,18130733517,金卡
4204,16350050399,普通
4205,16179153698,普通
4206,17935342583,银卡
4207,17858584047,金卡
4208,14296612885,普通
4209,19026462749,普通
4210,15723055919,银卡
4211,15470011489,金卡
4212,18468574974,普通
4213,16423109900,普通
4214,13773074710,银卡
4215,15698604497,金卡
4216,18089308012,普通
4217,14240779990,普通
4218,16150166247,银卡
4219,13577492215,金卡
4220,16459917730,普通
4221,13493764613,普通
4222,13854690621,银卡
4223,14774680696,金卡
4224,19310208996,普通
4225,14239624208,普通
4226,16722192511,银卡
4227,15010965306,金卡
4228,15935849264,普通
4229,14132302682,普通
4230,17308241289,银卡
4231,16999578092,金卡
4232,14094467449,普通
4233,17886189037,普通
4234,19938872203,银卡
4235,17868898627,金卡
4236,15328628240,普通
4237,18129027901,普通
4238,14078967329,银卡
4239,13231408051,金卡
4240,13287868785,普通
4241,17741744000,普通
4242,13490002525,银卡
4243,16206804275,金卡
4244,17118506187,普通
4245,18547828016,普通
4246,19646449810,银卡
4247,18483089373,金卡
4248,16157954999,普通
4249,15635086982,普通
4250,19686132934,银卡
4251,17507525704,金卡
4252,13799348096,普通
4253,14830873102,普通
4254,14172579400,银卡
4255,18651445401,金卡
4256,17484136556,普通
4257,15420732702,普通
4258,19065068734,银卡
4259,18434142349,金卡
4260,13089915236,普通
4261,19514145691,普通
4262,18665482352,银卡
4263,19072099116,金卡
4264,15288084003,普通
4265,18844568573,普通
4266,15267599649,银卡
4267,17429460610,金卡
4268,15672847359,普通
4269,18732652024,普通
4270,18873071268,银卡
4271,15643374421,金卡
4272,18822604800,普通
4273,16401260327,普通
4274,17344212512,银卡
4275,17249512542,金卡
4276,13132332520,普通
4277,19988659262,普通
4278,15000029547,银卡
4279,15355221927,金卡
4280,19484334033,普通
4281,13544825253,普通
4282,14971786300,银卡
4283,17471629356,金卡
4284,15253923219,普通
4285,19639922441,普通
4286,16960212418,银卡
4287,15323844007,金卡
4288,19001011053,普通
4289,17233665958,普通
4290,18707060514,银卡
4291,17128930009,金卡
4292,14179067546,普通
4293,19041478093,普通
4294,13029834274,银卡
4295,16422151669,金卡
4296,16142313127,普通
4297,14790944227,普通
4298,14835429054,银卡
4299,19956909094,金卡
4300,14729370327,普通
4301,16763611073,普通
4302,16359049844,银卡
4303,15367286721,金卡
4304,19994133620,普通
4305,19007619449,普通
4306,14775565048,银卡
4307,19323583668,金卡
4308,16123212661,普通
4309,19563906874,普通
4310,14899777038,银卡
4311,19232089306,金卡
4312,19419626587,普通
4313,15676415150,普通
4314,18512622586,银卡
4315,17871613200,金卡
4316,17817442255,普通
4317,19739904293,普通
4318,13989664919,银卡
4319,17168875256,金卡
4320,13285182368,普通
4321,17421792210,普通
4322,14481136907,银卡
4323,14099477134,金卡
4324,18628239390,普通
4325,17899025633,普通
4326,14938356875,银卡
4327,14894323026,金卡
4328,13030039978,普通
4329,13813214218,普通
4330,13155887855,银卡
4331,18118196777,金卡
4332,18567997060,普通
4333,19168975643,普通
4334,14891383764,银卡
4335,13608541643,金卡
4336,16179119713,普通
4337,16805036136,普通
4338,15062324816,银卡
4339,14001607385,金卡
4340,19704378682,普通
4341,14819527921,普通
4342,13127159900,银卡
4343,17398573292,金卡
4344,14009151496,普通
4345,14797576566,普通
4346,19084684328,银卡
4347,19386606735,金卡
4348,15725780070,普通
4349,17654826349,普通
4350,16091010558,银卡
4351,19554373279,金卡
4352,14206297694,普通
4353,15141036452,普通
4354,19616573582,银卡
4355,16869388177,金卡
4356,15941375946,普通
4357,13973400188,普通
4358,18622309154,银卡
4359,17680096648,金卡
4360,14374778703,普通
4361,19548185272,普通
4362,16047886322,银卡
4363,19136455840,金卡
4364,13262896096,普通
4365,19977170650,普通
4366,13894992392,银卡
4367,17991106743,金卡
4368,16898470437,普通
4369,19127458100,普通
4370,15629443412,银卡
4371,15241742555,金卡
4372,16355187138,普通
4373,14080616199,普通
4374,15918452437,银卡
4375,15618592980,金卡
4376,14970397109,普通
4377,16455682717,普通
4378,18315612038,银卡
4379,17421648770,金卡
4380,17363601509,普通
4381,19646821810,普通
4382,18574236161,银卡
4383,15894912119,金卡
4384,19551854976,普通
4385,14783071159,普通
4386,17659999312,银卡
4387,17528213317,金卡
4388,14839256522,普通
4389,18112919827,普通
4390,16118993708,银卡
4391,14604296943,金卡
4392,14678024647,普通
4393,17864123747,普通
4394,14401032766,银卡
4395,14359249421,金卡
4396,15233168573,普通
4397,19258771938,普通
4398,16955477229,银卡
4399,13825421548,金卡
4400,17533167814,普通
4401,18636858260,普通
4402,18404668182,银卡
4403,13301684831,金卡
4404,19532658411,普通
4405,13342562278,普通
4406,17718621112,银卡
4407,18108958893,金卡
4408,16107958262,普通
4409,15671224255,普通
4410,15797687227,银卡
4411,14921261011,金卡
4412,16824681957,普通
4413,17412649917,普通
4414,13853703137,银卡
4415,17871481567,金卡
4416,16648854168,普通
4417,16857543660,普通
4418,17967744861,银卡
4419,13700288523,金卡
4420,19763803470,普通
4421,13306953760,普通
4422,18131423956,银卡
4423,14380401950,金卡
4424,13977150624,普通
4425,16415831687,普通
4426,15066416824,银卡
4427,17084797582,金卡
4428,15579910892,普通
4429,16403789113,普通
4430,17465570099,银卡
4431,15045315856,金卡
4432,14413014006,普通
4433,14982884629,普通
4434,14965335177,银卡
4435,17890801641,金卡
4436,16339610495,普通
4437,18490687530,普通
4438,19706103159,银卡
4439,15554777138,金卡
4440,18603730272,普通
4441,14070402130,普通
4442,16182388034,银卡
4443,14557654326,金卡
4444,19966196872,普通
4445,16287750976,普通
4446,13889087673,银卡
4447,14977269510,金卡
4448,13068635248,普通
4449,17397311345,普通
4450,18737162398,银卡
4451,15685459587,金卡
4452,17475032584,普通
4453,15024286537,普通
4454,16455213321,银卡
4455,13152341427,金卡
4456,15473533424,普通
4457,13332619453,普通
4458,13669507051,银卡
4459,17899524097,金卡
4460,19673628998,普通
4461,13459541376,普通
4462,17763339717,银卡
4463,15925407968,金卡
4464,18396989218,普通
4465,16835019975,普通
4466,18047077105,银卡
4467,18336089126,金卡
4468,17435813082,普通
4469,17100442853,普通
4470,19044525179,银卡
4471,16343330329,金卡
4472,17012532434,普通
4473,16367591125,普通
4474,13120041655,银卡
4475,13741556333,金卡
4476,17557593678,普通
4477,19780337145,普通
4478,15340814845,银卡
4479,17598761984,金卡
4480,15186970568,普通
4481,16609591222,普通
4482,19608104187,银卡
4483,14814710202,金卡
4484,13454099205,普通
4485,15570170528,普通
4486,14181201190,银卡
4487,14571686701,金卡
4488,19927743284,普通
4489,14205082971,普通
4490,15220194838,银卡
4491,15089848768,金卡
4492,13267255986,普通
4493,14206580157,普通
4494,17455237905,银卡
4495,18879424794,金卡
4496,13953119590,普通
4497,13679476945,普通
4498,16674574876,银卡
4499,18995300133,金卡
4500,18108393485,普通
4501,15656947369,普通
4502,19042292829,银卡
4503,14803282018,金卡
4504,17595046186,普通
4505,17779361633,普通
4506,15222992401,银卡
4507,15817645998,金卡
4508,15053742914,普通
4509,14449723708,普通
4510,18078144026,银卡
4511,16653267246,金卡
4512,13479775557,普通
4513,18626063979,普通
4514,17999022581,银卡
4515,13065483268,金卡
4516,18069248877,普通
4517,19841173117,普通
4518,19320027350,银卡
4519,13229731724,金卡
4520,16715198631,普通
4521,14086901446,普通
4522,13136142605,银卡
4523,16656401038,金卡
4524,18336900933,普通
4525,18995327159,普通
4526,15388078729,银卡
4527,13820132810,金卡
4528,15928964006,普通
4529,19708660417,普通
4530,13221707851,银卡
4531,13827744540,金卡
4532,18098657436,普通
4533,17024334252,普通
4534,15765440080,银卡
4535,14221734138,金卡
4536,14870526002,普通
4537,16932765447,普通
4538,16135956703,银卡
4539,19573777392,金卡
4540,18112782967,普通
4541,13634659169,普通
4542,19473536868,银卡
4543,13819540467,金卡
4544,18981003812,普通
4545,17149421995,普通
4546,18144121024,银卡
4547,16530872771,金卡
4548,17430951149,普通
4549,19740075136,普通
4550,15516397485,银卡
4551,14501692239,金卡
4552,15777791007,普通
4553,15427423906,普通
4554,16201864703,银卡
4555,13707962386,金卡
4556,17097285402,普通
4557,14516850369,普通
4558,17144428842,银卡
4559,18677493770,金卡
4560,19227398603,普通
4561,17427858277,普通
4562,18817495802,银卡
4563,17421380109,金卡
4564,14076434942,普通
4565,14197165608,普通
4566,19861943941,银卡
4567,14008865814,金卡
4568,17102231364,普通
4569,13994593398,普通
4570,16616979328,银卡
4571,15776604558,金卡
4572,18239134727,普通
4573,16149637292,普通
4574,16835916312,银卡
4575,17452677263,金卡
4576,14446187337,普通
4577,13655435642,普通
4578,18950314207,银卡
4579,14886799982,金卡
4580,19636122431,普通
4581,17892605682,普通
4582,14973806394,银卡
4583,19147078657,金卡
4584,14286071943,普通
4585,15521185219,普通
4586,17171786340,银卡
4587,19985470824,金卡
4588,14780152322,普通
4589,13677082205,普通
4590,14336419294,银卡
4591,19522916540,金卡
4592,15552012463,普通
4593,15883218590,普通
4594,13635076027,银卡
4595,14322332751,金卡
4596,16482883736,普通
4597,14570034312,普通
4598,17124620471,银卡
4599,14642699879,金卡
4600,15046354906,普通
4601,14216593287,普通
4602,15747987285,银卡
4603,13272857844,金卡
4604,15748604550,普通
4605,17984431228,普通
4606,19212598670,银卡
4607,14489078769,金卡
4608,16969955905,普通
4609,19216656645,普通
4610,17897306954,银卡
4611,15844806696,金卡
4612,18767373372,普通
4613,15473776448,普通
4614,19701049553,银卡
4615,13773394626,金卡
4616,16568224119,普通
4617,15784714695,普通
4618,19816607856,银卡
4619,15181247457,金卡
4620,19104337127,普通
4621,17304554302,普通
4622,16866811282,银卡
4623,16396509154,金卡
4624,13975456146,普通
4625,17695931981,普通
4626,18691772474,银卡
4627,17124729367,金卡
4628,14825103908,普通
4629,18958812821,普通
4630,15684301399,银卡
4631,18424227587,金卡
4632,16912910978,普通
4633,17943868421,普通
4634,19057815563,银卡
4635,18364583467,金卡
4636,13918706853,普通
4637,19929423600,普通
4638,15466444083,银卡
4639,15852543139,金卡
4640,16600996808,普通
4641,17926789080,普通
4642,18112201638,银卡
4643,16569611826,金卡
4644,13743921325,普通
4645,18246394178,普通
4646,15092942034,银卡
4647,19197968896,金卡
4648,16693029387,普通
4649,19684765910,普通
4650,14745919544,银卡
4651,16420501991,金卡
4652,14777460634,普通
4653,18192401881,普通
4654,19762164952,银卡
4655,13064798016,金卡
4656,19558178791,普通
4657,17042294916,普通
4658,16080894002,银卡
4659,16760281432,金卡
4660,19286396215,普通
4661,15661765169,普通
4662,19795584250,银卡
4663,18933037048,金卡
4664,17077384757,普通
4665,13210174651,普通
4666,15760274888,银卡
4667,13532890011,金卡
4668,17708432524,普通
4669,14812117283,普通
4670,19869123326,银卡
4671,13845926087,金卡
4672,14207777051,普通
4673,14349190262,普通
4674,19493259143,银卡
4675,14042165951,金卡
4676,17865135208,普通
4677,18102384919,普通
4678,16857325559,银卡
4679,16175514111,金卡
4680,17933052053,普通
4681,19332258646,普通
4682,16314642706,银卡
4683,15628143044,金卡
4684,14389707847,普通
4685,14565962429,普通
4686,17473626129,银卡
4687,14153857915,金卡
4688,14924414934,普通
4689,13162579086,普通
4690,15600477693,银卡
4691,13082886474,金卡
4692,14894818387,普通
4693,18928999549,普通
4694,14313102329,银卡
4695,18632397165,金卡
4696,17953745854,普通
4697,14592796363,普通
4698,19742454833,银卡
4699,13459556443,金卡
4700,15734946097,普通
4701,13215336025,普通
4702,15849112936,银卡
4703,19854735493,金卡
4704,13316371659,普通
4705,18570182367,普通
4706,18428891065,银卡
4707,13661547673,金卡
4708,15859617946,普通
4709,19993844668,普通
4710,13606574519,银卡
4711,15271936000,金卡
4712,18046935119,普通
4713,19003284890,普通
4714,13720415647,银卡
4715,15918350632,金卡
4716,13391087028,普通
4717,14226904977,普通
4718,19683374603,银卡
4719,16639822943,金卡
4720,17575735089,普通
4721,15273629081,普通
4722,16162923061,银卡
4723,14355522988,金卡
4724,17431730611,普通
4725,15886154787,普通
4726,15548619955,银卡
4727,18573796552,金卡
4728,16769134082,普通
4729,18713957639,普通
4730,14383166141,银卡
4731,19730665393,金卡
4732,19804887539,普通
4733,13620823799,普通
4734,13598332882,银卡
4735,17346216994,金卡
4736,19493641545,普通
4737,15143522069,普通
4738,17159134610,银卡
4739,14379507779,金卡
4740,19670000859,普通
4741,13103875756,普通
4742,14129507252,银卡
4743,13041807363,金卡
4744,17167290686,普通
4745,15156132507,普通
4746,16619063873,银卡
4747,18108793506,金卡
4748,14403188117,普通
4749,18413263985,普通
4750,16440819981,银卡
4751,14504584522,金卡
4752,15817411636,普通
4753,17249730309,普通
4754,19623842535,银卡
4755,16187489198,金卡
4756,17945439416,普通
4757,16246083618,普通
4758,17559830116,银卡
4759,19207714187,金卡
4760,18985462253,普通
4761,19532121025,普通
4762,18887590736,银卡
4763,15022147402,金卡
4764,18034578643,普通
4765,17162050823,普通
4766,17088357270,银卡
4767,15581550109,金卡
4768,17000200354,普通
4769,15043509126,普通
4770,18521331581,银卡
4771,15574985111,金卡
4772,13558918188,普通
4773,16872933521,普通
4774,18372270424,银卡
4775,15322364638,金卡
4776,18433757757,普通
4777,16296507584,普通
4778,19183985010,银卡
4779,15150083968,金卡
4780,16452708055,普通
4781,18908296743,普通
4782,13600647243,银卡
4783,15906352184,金卡
4784,15644036579,普通
4785,19395845231,普通
4786,19556739970,银卡
4787,19164316851,金卡
4788,16754249046,普通
4789,15635538105,普通
4790,13465270133,银卡
4791,17706683292,金卡
4792,14902663792,普通
4793,14068481134,普通
4794,13901197184,银卡
4795,19404650378,金卡
4796,18166788945,普通
4797,18692203337,普通
4798,19979974552,银卡
4799,16226635848,金卡
4800,19165871685,普通
4801,13957741694,普通
4802,13939564605,银卡
4803,14423707971,金卡
4804,13385519247,普通
4805,17718375222,普通
4806,14852178171,银卡
4807,18660120503,金卡
4808,19979090585,普通
4809,16306019043,普通
4810,17180751760,银卡
4811,18680020975,金卡
4812,17695487750,普通
4813,16500417776,普通
4814,16468738257,银卡
4815,19120588783,金卡
4816,18314500382,普通
4817,15403683082,普通
4818,17920116375,银卡
4819,18806663628,金卡
4820,15908268403,普通
4821,17832584459,普通
4822,15367985826,银卡
4823,16183484571,金卡
4824,19621003628,普通
4825,19107989933,普通
4826,17856761329,银卡
4827,15752314286,金卡
4828,15624980315,普通
4829,14604788847,普通
4830,18957503599,银卡
4831,15365016151,金卡
4832,16489904824,普通
4833,19571923027,普通
4834,17235887826,银卡
4835,17062623474,金卡
4836,17556037219,普通
4837,17267910120,普通
4838,18775677416,银卡
4839,14876022050,金卡
4840,18198903517,普通
4841,15176890817,普通
4842,16351425573,银卡
4843,16114675226,金卡
4844,19919471690,普通
4845,15971629707,普通
4846,18894838317,银卡
4847,17559203047,金卡
4848,15978760518,普通
4849,15076254376,普通
4850,13911943683,银卡
4851,13588526321,金卡
4852,15366132565,普通
4853,18843490824,普通
4854,15166978969,银卡
4855,19329360566,金卡
4856,16827227554,普通
4857,16926121805,普通
4858,16203047348,银卡
4859,17137627742,金卡
4860,18649952652,普通
4861,16922027760,普通
4862,13607090260,银卡
4863,18318234194,金卡
4864,17076519403,普通
4865,13580762154,普通
4866,14437890869,银卡
4867,17991151652,金卡
4868,15105413699,普通
4869,17864251365,普通
4870,19837447507,银卡
4871,19467390715,金卡
4872,19860947822,普通
4873,17422552044,普通
4874,13422236627,银卡
4875,17605694393,金卡
4876,19547311366,普通
4877,14994075239,普通
4878,16557110791,银卡
4879,18071468491,金卡
4880,17157226384,普通
4881,16010199886,普通
4882,13214906361,银卡
4883,16739566491,金卡
4884,15591994481,普通
4885,15239313378,普通
4886,15815250750,银卡
4887,18650255132,金卡
4888,15312685034,普通
4889,19169971567,普通
4890,14185186031,银卡
4891,13323090759,金卡
4892,13555325142,普通
4893,15702684274,普通
4894,16134197782,银卡
4895,19645911589,金卡
4896,16595180293,普通
4897,17973964237,普通
4898,18796050271,银卡
4899,16406856790,金卡
4900,19167075153,普通
4901,16614218171,普通
4902,19371700462,银卡
4903,17821291103,金卡
4904,19638998025,普通
4905,14709136921,普通
4906,16863784018,银卡
4907,18620183778,金卡
4908,13889067766,普通
4909,15835028146,普通
4910,19727967795,银卡
4911,19254786456,金卡
4912,15800123929,普通
4913,15762736858,普通
4914,18528387970,银卡
4915,19846459435,金卡
4916,15737584909,普通
4917,17726358247,普通
4918,19674356115,银卡
4919,14890117252,金卡
4920,19367062326,普通
4921,16799386418,普通
4922,15890689257,银卡
4923,16268985952,金卡
4924,15469698619,普通
4925,14463172721,普通
4926,15636571741,银卡
4927,19125590792,金卡
4928,13751485938,普通
4929,13543486626,普通
4930,17613998462,银卡
4931,18695744866,金卡
4932,16463383547,普通
4933,15114226850,普通
4934,16168261508,银卡
4935,18443147685,金卡
4936,13682915926,普通
4937,15806305538,普通
4938,18152327498,银卡
4939,17505561978,金卡
4940,15354255264,普通
4941,16730179519,普通
4942,16358223478,银卡
4943,19232216803,金卡
4944,17724107068,普通
4945,18900551101,普通
4946,17592593754,银卡
4947,17929248349,金卡
4948,13695398978,普通
4949,16342672724,普通
4950,16194937689,银卡
4951,17424650423,金卡
4952,17907500007,普通
4953,13972374050,普通
4954,13540080462,银卡
4955,18580320062,金卡
4956,15730902215,普通
4957,16272928831,普通
4958,19115506456,银卡
4959,15048728511,金卡
4960,17970815471,普通
4961,19832305451,普通
4962,15960689775,银卡
4963,18074661024,金卡
4964,15927101706,普通
4965,18952200949,普通
4966,18494260996,银卡
4967,16580415186,金卡
4968,13188687292,普通
4969,14769738967,普通
4970,17590736934,银卡
4971,17371126694,金卡
4972,19696198702,普通
4973,15990171632,普通
4974,16821254580,银卡
4975,18467303074,金卡
4976,14529876712,普通
4977,14199031851,普通
4978,13525058548,银卡
4979,18384925113,金卡
4980,17700465054,普通
4981,16832300756,普通
4982,16528033813,银卡
4983,14352728686,金卡
4984,14966047596,普通
4985,17947197572,普通
4986,13692102935,银卡
4987,13513561913,金卡
4988,18695261059,普通
4989,19469848497,普通
4990,18373554033,银卡
4991,19941370786,金卡
4992,19011116751,普通
4993,14482832222,普通
4994,18552339416,银卡
4995,16575255485,金卡
4996,19394120643,普通
4997,17222549226,普通
4998,17437649453,银卡
4999,16231898645,金卡
5000,19622924673,普通
