商品编码,商品名称,部门编号,品类,零售价,进货价
1,商品-1,2,肉禽,181.78,127.07
2,商品-2,3,水产,755.96,581.92
3,商品-3,4,米面,988.35,793.02
4,商品-4,5,食用油,2832.67,1879.78
5,商品-5,6,乳品,1241.52,846.44
6,商品-6,1,熟食,38.82,29.05
7,商品-7,2,饼干,607.68,403.14
8,商品-8,3,饮料,1444.22,1160.96
9,商品-9,4,清洁,2662.93,2123.30
10,商品-10,5,纸品,2769.18,1851.13
11,商品-11,6,小家电,139.87,107.08
12,商品-12,1,蔬果,170.45,130.41
13,商品-13,2,肉禽,743.39,604.21
14,商品-14,3,水产,1481.63,920.45
15,商品-15,4,米面,1981.68,1562.68
16,商品-16,5,食用油,2966.13,2114.89
17,商品-17,6,乳品,1843.50,1248.10
18,商品-18,1,熟食,605.31,402.31
19,商品-19,2,饼干,582.45,480.89
20,商品-20,3,饮料,1425.87,1065.03
21,商品-21,4,清洁,1096.15,811.63
22,商品-22,5,纸品,1794.75,1390.61
23,商品-23,6,小家电,2971.86,2295.43
24,商品-24,1,蔬果,655.72,415.56
25,商品-25,2,肉禽,421.15,357.72
26,商品-26,3,水产,325.96,242.07
27,商品-27,4,米面,2428.45,1484.11
28,商品-28,5,食用油,2641.73,2133.09
29,商品-29,6,乳品,2023.19,1560.28
30,商品-30,1,熟食,277.95,199.46
31,商品-31,2,饼干,181.23,145.58
32,商品-32,3,饮料,1565.90,952.48
33,商品-33,4,清洁,2569.38,1921.98
34,商品-34,5,纸品,2781.26,1699.85
35,商品-35,6,小家电,1752.41,1334.06
36,商品-36,1,蔬果,576.45,356.33
37,商品-37,2,肉禽,1052.09,851.51
38,商品-38,3,水产,352.38,213.20
39,商品-39,4,米面,1076.61,910.60
40,商品-40,5,食用油,2511.87,2037.34
41,商品-41,6,乳品,3790.39,3067.58
42,商品-42,1,熟食,44.72,29.02
43,商品-43,2,饼干,826.84,567.83
44,商品-44,3,饮料,45.22,28.87
45,商品-45,4,清洁,1683.23,1234.49
46,商品-46,5,纸品,254.48,200.26
47,商品-47,6,小家电,2750.32,1749.63
48,商品-48,1,蔬果,155.93,114.94
49,商品-49,2,肉禽,413.82,284.06
50,商品-50,3,水产,1210.90,822.67
51,商品-51,4,米面,187.80,114.88
52,商品-52,5,食用油,3089.55,2460.13
53,商品-53,6,乳品,1368.97,1031.83
54,商品-54,1,熟食,625.07,513.86
55,商品-55,2,饼干,718.87,542.39
56,商品-56,3,饮料,1274.30,1025.88
57,商品-57,4,清洁,694.73,456.24
58,商品-58,5,纸品,1647.91,1029.24
59,商品-59,6,小家电,396.79,284.65
60,商品-60,1,蔬果,605.38,474.94
61,商品-61,2,肉禽,1126.74,774.87
62,商品-62,3,水产,966.43,808.14
63,商品-63,4,米面,2482.71,1610.23
64,商品-64,5,食用油,244.37,163.76
65,商品-65,6,乳品,88.77,65.11
66,商品-66,1,熟食,26.23,15.74
67,商品-67,2,饼干,597.84,443.17
68,商品-68,3,饮料,325.29,274.06
69,商品-69,4,清洁,751.93,599.69
70,商品-70,5,纸品,1546.60,1026.20
71,商品-71,6,小家电,3889.31,3094.73
72,商品-72,1,蔬果,574.79,358.40
73,商品-73,2,肉禽,51.09,30.75
74,商品-74,3,水产,41.99,28.71
75,商品-75,4,米面,88.46,71.07
76,商品-76,5,食用油,1494.14,902.09
77,商品-77,6,乳品,2826.81,2382.14
78,商品-78,1,熟食,380.53,300.53
79,商品-79,2,饼干,601.78,424.26
80,商品-80,3,饮料,1785.61,1253.13
81,商品-81,4,清洁,1554.39,1050.21
82,商品-82,5,纸品,32.70,21.38
83,商品-83,6,小家电,3725.69,2644.28
84,商品-84,1,蔬果,480.52,330.05
85,商品-85,2,肉禽,340.70,215.73
86,商品-86,3,水产,1398.69,846.71
87,商品-87,4,米面,1935.72,1420.81
88,商品-88,5,食用油,2067.90,1643.28
89,商品-89,6,乳品,1423.74,1186.07
90,商品-90,1,熟食,87.37,58.58
91,商品-91,2,饼干,1209.51,985.09
92,商品-92,3,饮料,1889.09,1399.25
93,商品-93,4,清洁,1320.26,794.63
94,商品-94,5,纸品,2799.87,2364.15
95,商品-95,6,小家电,1169.55,754.36
96,商品-96,1,蔬果,374.71,259.19
97,商品-97,2,肉禽,1118.23,786.66
98,商品-98,3,水产,403.68,336.77
99,商品-99,4,米面,2470.16,1506.85
100,商品-100,5,食用油,2729.56,1665.31
101,商品-101,6,乳品,732.84,486.49
102,商品-102,1,熟食,26.28,21.69
103,商品-103,2,饼干,25.53,20.55
104,商品-104,3,饮料,1708.47,1315.12
105,商品-105,4,清洁,337.82,233.77
106,商品-106,5,纸品,343.56,223.86
107,商品-107,6,小家电,1177.96,997.21
108,商品-108,1,蔬果,218.37,173.68
109,商品-109,2,肉禽,996.61,790.55
110,商品-110,3,水产,1868.01,1530.11
111,商品-111,4,米面,1849.66,1125.92
112,商品-112,5,食用油,1391.71,859.21
113,商品-113,6,乳品,3628.05,2490.98
114,商品-114,1,熟食,47.04,38.84
115,商品-115,2,饼干,1041.26,732.49
116,商品-116,3,饮料,1635.90,1247.29
117,商品-117,4,清洁,1397.12,953.74
118,商品-118,5,纸品,1978.61,1479.93
119,商品-119,6,小家电,2367.45,1427.38
120,商品-120,1,蔬果,40.26,31.76
121,商品-121,2,肉禽,494.52,321.03
122,商品-122,3,水产,1420.70,1107.92
123,商品-123,4,米面,2629.23,1609.37
124,商品-124,5,食用油,875.39,711.17
125,商品-125,6,乳品,660.96,500.77
126,商品-126,1,熟食,85.00,67.83
127,商品-127,2,饼干,329.02,206.24
128,商品-128,3,饮料,8.54,5.81
129,商品-129,4,清洁,266.96,211.13
130,商品-130,5,纸品,2178.25,1679.84
131,商品-131,6,小家电,3270.18,2300.22
132,商品-132,1,蔬果,182.85,154.50
133,商品-133,2,肉禽,880.12,710.52
134,商品-134,3,水产,226.26,143.21
135,商品-135,4,米面,2228.37,1555.40
136,商品-136,5,食用油,3092.51,1918.91
137,商品-137,6,乳品,1314.71,1034.11
138,商品-138,1,熟食,248.49,210.31
139,商品-139,2,饼干,1018.82,637.70
140,商品-140,3,饮料,771.50,530.74
141,商品-141,4,清洁,1189.73,931.38
142,商品-142,5,纸品,1967.64,1457.60
143,商品-143,6,小家电,2608.30,1850.36
144,商品-144,1,蔬果,458.86,345.64
145,商品-145,2,肉禽,226.04,146.33
146,商品-146,3,水产,830.37,686.06
147,商品-147,4,米面,38.43,31.20
148,商品-148,5,食用油,3319.92,2339.66
149,商品-149,6,乳品,1455.78,1178.48
150,商品-150,1,熟食,156.10,107.22
151,商品-151,2,饼干,933.96,671.47
152,商品-152,3,饮料,1547.60,1247.57
153,商品-153,4,清洁,2097.05,1617.65
154,商品-154,5,纸品,1519.63,1191.28
155,商品-155,6,小家电,259.86,217.79
156,商品-156,1,蔬果,170.22,141.48
157,商品-157,2,肉禽,916.88,726.38
158,商品-158,3,水产,1969.42,1225.27
159,商品-159,4,米面,2222.17,1450.51
160,商品-160,5,食用油,1742.75,1106.71
161,商品-161,6,乳品,3189.97,2661.67
162,商品-162,1,熟食,530.26,443.48
163,商品-163,2,饼干,1255.29,879.22
164,商品-164,3,饮料,1721.48,1147.43
165,商品-165,4,清洁,1466.37,1021.48
166,商品-166,5,纸品,2295.08,1752.20
167,商品-167,6,小家电,527.99,390.94
168,商品-168,1,蔬果,370.32,231.46
169,商品-169,2,肉禽,407.13,276.57
170,商品-170,3,水产,1258.44,1063.89
171,商品-171,4,米面,1673.12,1337.57
172,商品-172,5,食用油,530.30,368.54
173,商品-173,6,乳品,2649.18,1772.20
174,商品-174,1,熟食,496.89,355.65
175,商品-175,2,饼干,262.52,199.24
176,商品-176,3,饮料,1218.92,862.14
177,商品-177,4,清洁,2282.69,1631.97
178,商品-178,5,纸品,3133.81,2459.18
179,商品-179,6,小家电,2214.88,1683.80
180,商品-180,1,蔬果,659.86,479.24
181,商品-181,2,肉禽,269.52,215.97
182,商品-182,3,水产,1595.12,1015.98
183,商品-183,4,米面,5.81,4.16
184,商品-184,5,食用油,3102.37,2485.74
185,商品-185,6,乳品,27.32,17.61
186,商品-186,1,熟食,650.76,544.96
187,商品-187,2,饼干,914.59,752.39
188,商品-188,3,饮料,126.33,101.57
189,商品-189,4,清洁,963.39,746.59
190,商品-190,5,纸品,2785.66,1716.03
191,商品-191,6,小家电,1824.92,1245.93
192,商品-192,1,蔬果,468.50,291.30
193,商品-193,2,肉禽,1113.12,832.37
194,商品-194,3,水产,1483.99,1136.42
195,商品-195,4,米面,1700.11,1235.41
196,商品-196,5,食用油,2568.51,2101.62
197,商品-197,6,乳品,486.28,353.48
198,商品-198,1,熟食,32.03,26.24
199,商品-199,2,饼干,1235.10,775.36
200,商品-200,3,饮料,1765.38,1175.72
201,商品-201,4,清洁,1352.02,946.12
202,商品-202,5,纸品,599.23,378.34
203,商品-203,6,小家电,1140.90,836.38
204,商品-204,1,蔬果,152.78,125.97
205,商品-205,2,肉禽,388.43,243.00
206,商品-206,3,水产,1671.91,1027.10
207,商品-207,4,米面,1452.39,1148.28
208,商品-208,5,食用油,877.71,577.76
209,商品-209,6,乳品,3064.47,1872.44
210,商品-210,1,熟食,555.35,451.09
211,商品-211,2,饼干,33.93,23.64
212,商品-212,3,饮料,965.97,713.11
213,商品-213,4,清洁,1176.11,816.35
214,商品-214,5,纸品,2455.03,1520.55
215,商品-215,6,小家电,400.01,310.00
216,商品-216,1,蔬果,50.18,35.75
217,商品-217,2,肉禽,1032.65,770.73
218,商品-218,3,水产,1507.47,1119.33
219,商品-219,4,米面,936.28,583.68
220,商品-220,5,食用油,1463.36,976.39
221,商品-221,6,乳品,657.05,496.71
222,商品-222,1,熟食,570.03,374.79
223,商品-223,2,饼干,858.18,569.00
224,商品-224,3,饮料,864.68,712.75
225,商品-225,4,清洁,1273.59,984.10
226,商品-226,5,纸品,2783.46,1678.34
227,商品-227,6,小家电,2240.51,1834.42
228,商品-228,1,蔬果,300.86,249.50
229,商品-229,2,肉禽,568.30,466.30
230,商品-230,3,水产,1929.84,1374.03
231,商品-231,4,米面,2056.93,1306.35
232,商品-232,5,食用油,3160.24,2382.90
233,商品-233,6,乳品,62.01,42.70
234,商品-234,1,熟食,144.57,117.08
235,商品-235,2,饼干,488.14,399.23
236,商品-236,3,饮料,713.25,506.44
237,商品-237,4,清洁,1233.11,1009.04
238,商品-238,5,纸品,2560.98,1878.20
239,商品-239,6,小家电,146.77,106.74
240,商品-240,1,蔬果,141.32,105.43
241,商品-241,2,肉禽,1194.71,881.30
242,商品-242,3,水产,1404.23,1108.73
243,商品-243,4,米面,992.54,753.21
244,商品-244,5,食用油,2630.32,2156.83
245,商品-245,6,乳品,3774.87,2397.33
246,商品-246,1,熟食,141.77,97.16
247,商品-247,2,饼干,328.89,242.72
248,商品-248,3,饮料,1680.47,1182.72
249,商品-249,4,清洁,2452.43,1656.75
250,商品-250,5,纸品,124.39,75.30
251,商品-251,6,小家电,369.20,258.98
252,商品-252,1,蔬果,587.20,432.22
253,商品-253,2,肉禽,474.16,325.10
254,商品-254,3,水产,1993.10,1290.79
255,商品-255,4,米面,406.49,265.30
256,商品-256,5,食用油,1142.28,831.16
257,商品-257,6,乳品,2153.91,1717.63
258,商品-258,1,熟食,96.04,77.61
259,商品-259,2,饼干,683.12,452.65
260,商品-260,3,饮料,1678.88,1061.41
261,商品-261,4,清洁,631.52,499.57
262,商品-262,5,纸品,3023.00,1848.31
263,商品-263,6,小家电,1615.39,1281.48
264,商品-264,1,蔬果,267.08,161.96
265,商品-265,2,肉禽,350.17,292.55
266,商品-266,3,水产,148.86,99.22
267,商品-267,4,米面,1652.61,1360.77
268,商品-268,5,食用油,1769.98,1276.60
269,商品-269,6,乳品,2619.58,1739.69
270,商品-270,1,熟食,445.77,356.63
271,商品-271,2,饼干,1302.06,906.20
272,商品-272,3,饮料,525.29,384.38
273,商品-273,4,清洁,1551.29,1103.93
274,商品-274,5,纸品,330.45,270.94
275,商品-275,6,小家电,2147.66,1605.33
276,商品-276,1,蔬果,156.62,98.03
277,商品-277,2,肉禽,144.83,109.68
278,商品-278,3,水产,261.94,200.03
279,商品-279,4,米面,2662.40,1675.71
280,商品-280,5,食用油,2346.49,1804.14
281,商品-281,6,乳品,657.39,414.12
282,商品-282,1,熟食,339.30,238.42
283,商品-283,2,饼干,106.74,75.99
284,商品-284,3,饮料,465.69,375.27
285,商品-285,4,清洁,2385.35,1525.78
286,商品-286,5,纸品,2357.12,1486.78
287,商品-287,6,小家电,2133.41,1410.11
288,商品-288,1,蔬果,596.84,433.76
289,商品-289,2,肉禽,662.69,530.54
290,商品-290,3,水产,1122.07,792.64
291,商品-291,4,米面,1222.94,862.02
292,商品-292,5,食用油,1486.94,970.86
293,商品-293,6,乳品,2870.83,2164.74
294,商品-294,1,熟食,399.38,294.05
295,商品-295,2,饼干,273.36,197.96
296,商品-296,3,饮料,408.36,294.28
297,商品-297,4,清洁,1010.45,804.22
298,商品-298,5,纸品,2706.20,1648.88
299,商品-299,6,小家电,1139.70,708.38
300,商品-300,1,蔬果,203.02,168.94
301,商品-301,2,肉禽,194.51,160.48
302,商品-302,3,水产,147.31,110.87
303,商品-303,4,米面,988.73,622.47
304,商品-304,5,食用油,830.04,507.93
305,商品-305,6,乳品,1362.70,859.39
306,商品-306,1,熟食,587.37,474.88
307,商品-307,2,饼干,535.81,333.18
308,商品-308,3,饮料,390.11,269.28
309,商品-309,4,清洁,2066.58,1463.84
310,商品-310,5,纸品,2654.26,2255.60
311,商品-311,6,小家电,671.26,415.70
312,商品-312,1,蔬果,181.99,109.79
313,商品-313,2,肉禽,629.05,509.45
314,商品-314,3,水产,1835.47,1548.97
315,商品-315,4,米面,1042.54,676.97
316,商品-316,5,食用油,692.70,513.85
317,商品-317,6,乳品,2960.34,2222.55
318,商品-318,1,熟食,417.70,351.06
319,商品-319,2,饼干,893.58,739.18
320,商品-320,3,饮料,1299.52,1044.89
321,商品-321,4,清洁,1656.01,1049.01
322,商品-322,5,纸品,3011.84,2142.52
323,商品-323,6,小家电,1456.40,1197.71
324,商品-324,1,蔬果,155.28,129.61
325,商品-325,2,肉禽,964.63,729.92
326,商品-326,3,水产,1748.12,1341.67
327,商品-327,4,米面,202.04,138.99
328,商品-328,5,食用油,3186.78,2607.46
329,商品-329,6,乳品,2447.09,1548.07
330,商品-330,1,熟食,114.31,88.50
331,商品-331,2,饼干,778.53,614.53
332,商品-332,3,饮料,706.82,456.07
333,商品-333,4,清洁,38.52,25.69
334,商品-334,5,纸品,3057.04,1889.27
335,商品-335,6,小家电,72.86,44.20
336,商品-336,1,蔬果,446.19,360.60
337,商品-337,2,肉禽,157.97,116.53
338,商品-338,3,水产,946.72,609.90
339,商品-339,4,米面,943.20,591.45
340,商品-340,5,食用油,92.25,70.17
341,商品-341,6,乳品,1933.24,1369.67
342,商品-342,1,熟食,544.20,386.74
343,商品-343,2,饼干,1135.46,852.41
344,商品-344,3,饮料,815.81,645.29
345,商品-345,4,清洁,488.76,346.87
346,商品-346,5,纸品,1073.53,704.76
347,商品-347,6,小家电,2470.08,1678.82
348,商品-348,1,蔬果,129.89,87.30
349,商品-349,2,肉禽,1309.69,939.44
350,商品-350,3,水产,1895.38,1190.06
351,商品-351,4,米面,631.45,411.73
352,商品-352,5,食用油,983.42,823.50
353,商品-353,6,乳品,707.43,562.96
354,商品-354,1,熟食,413.42,292.46
355,商品-355,2,饼干,675.53,538.93
356,商品-356,3,饮料,1047.13,778.64
357,商品-357,4,清洁,1719.65,1152.97
358,商品-358,5,纸品,1004.08,759.89
359,商品-359,6,小家电,3355.29,2398.08
360,商品-360,1,蔬果,330.25,216.94
361,商品-361,2,肉禽,528.95,441.10
362,商品-362,3,水产,1811.76,1103.26
363,商品-363,4,米面,34.67,26.66
364,商品-364,5,食用油,1069.28,812.50
365,商品-365,6,乳品,3299.18,2165.39
366,商品-366,1,熟食,518.29,357.37
367,商品-367,2,饼干,116.01,87.89
368,商品-368,3,饮料,486.74,349.04
369,商品-369,4,清洁,2031.68,1649.24
370,商品-370,5,纸品,1821.01,1204.92
371,商品-371,6,小家电,1781.86,1346.88
372,商品-372,1,蔬果,59.99,44.91
373,商品-373,2,肉禽,154.45,121.38
374,商品-374,3,水产,1035.49,841.34
375,商品-375,4,米面,1074.41,763.15
376,商品-376,5,食用油,1876.86,1527.35
377,商品-377,6,乳品,3997.97,2584.67
378,商品-378,1,熟食,21.50,17.22
379,商品-379,2,饼干,526.95,375.97
380,商品-380,3,饮料,1103.26,893.08
381,商品-381,4,清洁,1948.61,1297.15
382,商品-382,5,纸品,1380.09,996.05
383,商品-383,6,小家电,344.43,291.76
384,商品-384,1,蔬果,503.87,330.52
385,商品-385,2,肉禽,216.31,133.66
386,商品-386,3,水产,1158.94,892.22
387,商品-387,4,米面,2459.27,2065.08
388,商品-388,5,食用油,1454.82,898.11
389,商品-389,6,乳品,2996.75,2447.77
390,商品-390,1,熟食,82.12,66.35
391,商品-391,2,饼干,938.85,654.74
392,商品-392,3,饮料,686.22,429.19
393,商品-393,4,清洁,2400.71,1545.76
394,商品-394,5,纸品,1773.09,1165.66
395,商品-395,6,小家电,2206.75,1411.60
396,商品-396,1,蔬果,419.11,262.22
397,商品-397,2,肉禽,20.80,13.89
398,商品-398,3,水产,408.32,313.54
399,商品-399,4,米面,587.62,357.67
400,商品-400,5,食用油,1765.10,1202.25
401,商品-401,6,乳品,3927.54,2509.39
402,商品-402,1,熟食,146.39,89.31
403,商品-403,2,饼干,1156.59,943.94
404,商品-404,3,饮料,106.84,84.35
405,商品-405,4,清洁,1109.24,808.73
406,商品-406,5,纸品,424.08,345.46
407,商品-407,6,小家电,1432.38,964.73
408,商品-408,1,蔬果,168.75,106.50
409,商品-409,2,肉禽,1086.31,814.39
410,商品-410,3,水产,224.87,149.98
411,商品-411,4,米面,2456.46,1496.90
412,商品-412,5,食用油,116.33,89.41
413,商品-413,6,乳品,1573.79,947.23
414,商品-414,1,熟食,297.58,192.62
415,商品-415,2,饼干,434.45,283.97
416,商品-416,3,饮料,1475.28,910.72
417,商品-417,4,清洁,557.16,428.31
418,商品-418,5,纸品,2048.92,1471.61
419,商品-419,6,小家电,3339.73,2215.49
420,商品-420,1,蔬果,37.83,25.12
421,商品-421,2,肉禽,951.20,739.17
422,商品-422,3,水产,1349.96,921.75
423,商品-423,4,米面,506.53,360.86
424,商品-424,5,食用油,2007.72,1223.90
425,商品-425,6,乳品,846.40,663.96
426,商品-426,1,熟食,193.20,149.09
427,商品-427,2,饼干,791.38,647.27
428,商品-428,3,饮料,837.35,641.26
429,商品-429,4,清洁,736.97,574.40
430,商品-430,5,纸品,2248.53,1840.40
431,商品-431,6,小家电,3405.92,2441.87
432,商品-432,1,蔬果,369.41,288.07
433,商品-433,2,肉禽,809.04,559.49
434,商品-434,3,水产,120.83,73.39
435,商品-435,4,米面,936.46,708.22
436,商品-436,5,食用油,1823.39,1449.36
437,商品-437,6,乳品,2780.11,1847.21
438,商品-438,1,熟食,9.95,6.88
439,商品-439,2,饼干,868.08,650.66
440,商品-440,3,饮料,1784.29,1272.76
441,商品-441,4,清洁,2021.48,1394.98
442,商品-442,5,纸品,2389.47,1906.65
443,商品-443,6,小家电,3200.26,2700.22
444,商品-444,1,蔬果,467.43,295.63
445,商品-445,2,肉禽,1005.97,795.19
446,商品-446,3,水产,1922.68,1570.33
447,商品-447,4,米面,238.46,155.87
448,商品-448,5,食用油,2444.04,1498.29
449,商品-449,6,乳品,3154.31,2539.08
450,商品-450,1,熟食,252.01,170.05
451,商品-451,2,饼干,1253.77,837.07
452,商品-452,3,饮料,1908.70,1332.72
453,商品-453,4,清洁,261.61,166.26
454,商品-454,5,纸品,2239.33,1556.93
455,商品-455,6,小家电,133.47,84.05
456,商品-456,1,蔬果,481.02,317.96
457,商品-457,2,肉禽,136.18,107.97
458,商品-458,3,水产,1702.75,1083.45
459,商品-459,4,米面,768.55,622.26
460,商品-460,5,食用油,2034.89,1327.54
461,商品-461,6,乳品,1014.01,693.15
462,商品-462,1,熟食,671.09,520.25
463,商品-463,2,饼干,186.50,144.96
464,商品-464,3,饮料,845.30,645.47
465,商品-465,4,清洁,2584.05,1799.87
466,商品-466,5,纸品,3223.00,2719.09
467,商品-467,6,小家电,1997.55,1557.21
468,商品-468,1,蔬果,175.15,113.39
469,商品-469,2,肉禽,1153.17,898.04
470,商品-470,3,水产,1802.53,1258.78
471,商品-471,4,米面,416.72,338.34
472,商品-472,5,食用油,3088.33,2430.11
473,商品-473,6,乳品,1106.35,883.22
474,商品-474,1,熟食,257.75,203.64
475,商品-475,2,饼干,149.84,117.13
476,商品-476,3,饮料,605.07,388.36
477,商品-477,4,清洁,633.69,420.68
478,商品-478,5,纸品,229.09,181.08
479,商品-479,6,小家电,2649.50,1647.44
480,商品-480,1,蔬果,474.49,344.37
481,商品-481,2,肉禽,432.97,260.69
482,商品-482,3,水产,1545.90,952.96
483,商品-483,4,米面,2656.25,1654.04
484,商品-484,5,食用油,1587.35,1300.09
485,商品-485,6,乳品,1850.98,1304.88
486,商品-486,1,熟食,309.57,207.00
487,商品-487,2,饼干,716.65,512.79
488,商品-488,3,饮料,1382.01,890.62
489,商品-489,4,清洁,807.60,666.02
490,商品-490,5,纸品,415.78,258.44
491,商品-491,6,小家电,60.91,39.32
492,商品-492,1,蔬果,641.29,538.34
493,商品-493,2,肉禽,1275.10,833.84
494,商品-494,3,水产,669.09,550.69
495,商品-495,4,米面,674.86,466.87
496,商品-496,5,食用油,2970.48,1793.03
497,商品-497,6,乳品,2194.04,1525.41
498,商品-498,1,熟食,185.69,149.47
499,商品-499,2,饼干,1022.10,808.22
500,商品-500,3,饮料,1719.78,1405.39
501,商品-501,4,清洁,250.03,187.90
502,商品-502,5,纸品,1948.42,1386.66
503,商品-503,6,小家电,635.12,517.92
504,商品-504,1,蔬果,485.80,299.45
505,商品-505,2,肉禽,182.46,128.85
506,商品-506,3,水产,261.17,157.34
507,商品-507,4,米面,1279.61,797.57
508,商品-508,5,食用油,1184.98,823.44
509,商品-509,6,乳品,2341.74,1682.17
510,商品-510,1,熟食,397.65,316.05
511,商品-511,2,饼干,604.97,388.78
512,商品-512,3,饮料,153.78,107.65
513,商品-513,4,清洁,2017.47,1660.05
514,商品-514,5,纸品,1968.56,1519.59
515,商品-515,6,小家电,1670.85,1176.62
516,商品-516,1,蔬果,433.37,275.31
517,商品-517,2,肉禽,534.53,451.93
518,商品-518,3,水产,1318.03,1111.17
519,商品-519,4,米面,2330.93,1523.21
520,商品-520,5,食用油,2807.39,1977.57
521,商品-521,6,乳品,747.87,473.62
522,商品-522,1,熟食,373.88,235.75
523,商品-523,2,饼干,653.14,415.12
524,商品-524,3,饮料,849.58,719.34
525,商品-525,4,清洁,1256.11,836.64
526,商品-526,5,纸品,1472.52,968.38
527,商品-527,6,小家电,3444.54,2094.50
528,商品-528,1,蔬果,220.03,135.45
529,商品-529,2,肉禽,1188.32,797.99
530,商品-530,3,水产,1782.55,1470.39
531,商品-531,4,米面,1757.60,1486.45
532,商品-532,5,食用油,1901.01,1519.94
533,商品-533,6,乳品,938.93,729.56
534,商品-534,1,熟食,24.43,17.61
535,商品-535,2,饼干,361.72,296.94
536,商品-536,3,饮料,1605.18,1284.98
537,商品-537,4,清洁,1418.15,984.02
538,商品-538,5,纸品,2694.64,2104.78
539,商品-539,6,小家电,3886.02,3173.51
540,商品-540,1,蔬果,506.05,402.16
541,商品-541,2,肉禽,850.86,646.67
542,商品-542,3,水产,207.70,138.84
543,商品-543,4,米面,2648.10,1944.81
544,商品-544,5,食用油,1348.05,892.53
545,商品-545,6,乳品,2285.98,1528.74
546,商品-546,1,熟食,398.16,296.53
547,商品-547,2,饼干,277.13,186.04
548,商品-548,3,饮料,1185.08,759.51
549,商品-549,4,清洁,332.94,215.90
550,商品-550,5,纸品,332.18,232.80
551,商品-551,6,小家电,158.13,121.21
552,商品-552,1,蔬果,64.52,51.47
553,商品-553,2,肉禽,845.09,654.08
554,商品-554,3,水产,1578.13,1264.25
555,商品-555,4,米面,979.08,710.71
556,商品-556,5,食用油,580.06,405.49
557,商品-557,6,乳品,775.80,521.78
558,商品-558,1,熟食,160.91,97.91
559,商品-559,2,饼干,17.24,12.50
560,商品-560,3,饮料,1447.47,1228.38
561,商品-561,4,清洁,567.63,445.67
562,商品-562,5,纸品,2636.53,1593.54
563,商品-563,6,小家电,2825.94,2036.25
564,商品-564,1,蔬果,276.63,205.04
565,商品-565,2,肉禽,1048.89,751.45
566,商品-566,3,水产,1823.79,1532.11
567,商品-567,4,米面,2541.40,2069.30
568,商品-568,5,食用油,1695.07,1043.47
569,商品-569,6,乳品,2090.40,1563.17
570,商品-570,1,熟食,77.43,62.30
571,商品-571,2,饼干,911.26,642.53
572,商品-572,3,饮料,339.37,259.19
573,商品-573,4,清洁,2361.61,1990.93
574,商品-574,5,纸品,812.28,537.09
575,商品-575,6,小家电,3303.48,2387.29
576,商品-576,1,蔬果,74.11,51.68
577,商品-577,2,肉禽,321.90,234.36
578,商品-578,3,水产,1137.01,700.42
579,商品-579,4,米面,96.56,67.21
580,商品-580,5,食用油,2671.84,1852.15
581,商品-581,6,乳品,3860.41,2657.63
582,商品-582,1,熟食,319.44,201.75
583,商品-583,2,饼干,268.38,202.69
584,商品-584,3,饮料,1016.56,732.11
585,商品-585,4,清洁,2001.66,1619.12
586,商品-586,5,纸品,675.29,515.75
587,商品-587,6,小家电,882.87,642.97
588,商品-588,1,蔬果,544.10,459.62
589,商品-589,2,肉禽,686.76,556.20
590,商品-590,3,水产,810.57,633.96
591,商品-591,4,米面,478.63,354.18
592,商品-592,5,食用油,1675.15,1079.14
593,商品-593,6,乳品,3600.52,2789.30
594,商品-594,1,熟食,449.14,324.09
595,商品-595,2,饼干,317.95,201.91
596,商品-596,3,饮料,1017.68,827.11
597,商品-597,4,清洁,540.15,373.83
598,商品-598,5,纸品,1798.73,1177.40
599,商品-599,6,小家电,3839.48,2366.17
600,商品-600,1,蔬果,254.67,203.84
601,商品-601,2,肉禽,1069.86,803.55
602,商品-602,3,水产,1067.57,741.75
603,商品-603,4,米面,298.17,212.76
604,商品-604,5,食用油,132.11,104.34
605,商品-605,6,乳品,2255.47,1584.95
606,商品-606,1,熟食,286.39,183.31
607,商品-607,2,饼干,857.73,514.77
608,商品-608,3,饮料,443.64,366.76
609,商品-609,4,清洁,202.97,169.96
610,商品-610,5,纸品,1549.22,992.40
611,商品-611,6,小家电,314.95,244.99
612,商品-612,1,蔬果,146.14,100.04
613,商品-613,2,肉禽,16.56,13.89
614,商品-614,3,水产,496.65,343.73
615,商品-615,4,米面,2430.26,1466.77
616,商品-616,5,食用油,3168.49,2035.42
617,商品-617,6,乳品,3019.84,2492.14
618,商品-618,1,熟食,55.94,47.40
619,商品-619,2,饼干,1331.44,832.48
620,商品-620,3,饮料,1197.64,758.21
621,商品-621,4,清洁,1556.70,1131.15
622,商品-622,5,纸品,1753.36,1260.90
623,商品-623,6,小家电,3821.09,2824.93
624,商品-624,1,蔬果,315.73,218.83
625,商品-625,2,肉禽,1065.72,830.35
626,商品-626,3,水产,1899.27,1520.10
627,商品-627,4,米面,1722.69,1154.70
628,商品-628,5,食用油,819.56,493.45
629,商品-629,6,乳品,3651.72,2627.01
630,商品-630,1,熟食,519.65,336.10
631,商品-631,2,饼干,681.61,545.14
632,商品-632,3,饮料,67.84,47.52
633,商品-633,4,清洁,933.72,656.90
634,商品-634,5,纸品,2802.55,2076.37
635,商品-635,6,小家电,2754.97,2094.49
636,商品-636,1,蔬果,626.62,512.85
637,商品-637,2,肉禽,335.09,275.38
638,商品-638,3,水产,899.08,589.77
639,商品-639,4,米面,579.63,373.57
640,商品-640,5,食用油,2584.26,1806.68
641,商品-641,6,乳品,3209.98,2143.61
642,商品-642,1,熟食,67.20,51.85
643,商品-643,2,饼干,1270.90,1054.91
644,商品-644,3,饮料,815.72,653.28
645,商品-645,4,清洁,415.32,308.19
646,商品-646,5,纸品,569.77,401.79
647,商品-647,6,小家电,3544.00,2727.37
648,商品-648,1,蔬果,594.27,399.43
649,商品-649,2,肉禽,1177.24,850.71
650,商品-650,3,水产,774.41,494.61
651,商品-651,4,米面,318.95,236.31
652,商品-652,5,食用油,2040.48,1717.63
653,商品-653,6,乳品,1220.04,904.89
654,商品-654,1,熟食,49.82,32.46
655,商品-655,2,饼干,660.04,516.10
656,商品-656,3,饮料,1610.86,1029.70
657,商品-657,4,清洁,756.79,522.89
658,商品-658,5,纸品,1621.23,1121.01
659,商品-659,6,小家电,1030.12,852.75
660,商品-660,1,蔬果,352.55,236.73
661,商品-661,2,肉禽,550.90,409.20
662,商品-662,3,水产,425.81,332.25
663,商品-663,4,米面,343.11,230.46
664,商品-664,5,食用油,1690.68,1066.15
665,商品-665,6,乳品,1590.59,1314.87
666,商品-666,1,熟食,483.33,404.18
667,商品-667,2,饼干,430.15,295.19
668,商品-668,3,饮料,300.34,214.69
669,商品-669,4,清洁,1915.96,1238.89
670,商品-670,5,纸品,255.61,162.30
671,商品-671,6,小家电,844.87,542.82
672,商品-672,1,蔬果,306.83,190.17
673,商品-673,2,肉禽,1311.43,838.37
674,商品-674,3,水产,893.57,583.13
675,商品-675,4,米面,1551.88,1223.98
676,商品-676,5,食用油,42.55,31.48
677,商品-677,6,乳品,3585.59,2954.33
678,商品-678,1,熟食,628.32,494.51
679,商品-679,2,饼干,764.78,572.23
680,商品-680,3,饮料,1375.45,856.95
681,商品-681,4,清洁,401.96,329.74
682,商品-682,5,纸品,900.23,566.45
683,商品-683,6,小家电,310.34,222.91
684,商品-684,1,蔬果,229.56,182.90
685,商品-685,2,肉禽,15.07,12.48
686,商品-686,3,水产,781.74,593.75
687,商品-687,4,米面,2515.81,1909.20
688,商品-688,5,食用油,1511.24,1118.56
689,商品-689,6,乳品,2145.58,1756.21
690,商品-690,1,熟食,594.00,408.93
691,商品-691,2,饼干,1110.29,788.50
692,商品-692,3,饮料,551.68,430.22
693,商品-693,4,清洁,1503.74,1233.89
694,商品-694,5,纸品,2620.64,1896.58
695,商品-695,6,小家电,3610.88,2780.20
696,商品-696,1,蔬果,456.53,354.18
697,商品-697,2,肉禽,462.50,352.09
698,商品-698,3,水产,356.35,222.04
699,商品-699,4,米面,1254.59,1026.10
700,商品-700,5,食用油,2144.84,1296.61
701,商品-701,6,乳品,640.60,540.13
702,商品-702,1,熟食,671.47,435.61
703,商品-703,2,饼干,273.34,189.33
704,商品-704,3,饮料,46.00,28.51
705,商品-705,4,清洁,2658.58,1611.44
706,商品-706,5,纸品,446.95,363.29
707,商品-707,6,小家电,1774.07,1269.05
708,商品-708,1,蔬果,607.29,459.10
709,商品-709,2,肉禽,1260.17,912.65
710,商品-710,3,水产,545.71,435.85
711,商品-711,4,米面,899.32,650.00
712,商品-712,5,食用油,1116.87,677.22
713,商品-713,6,乳品,2738.92,1657.06
714,商品-714,1,熟食,663.13,533.59
715,商品-715,2,饼干,1017.11,642.52
716,商品-716,3,饮料,1335.33,1008.61
717,商品-717,4,清洁,741.76,622.85
718,商品-718,5,纸品,2563.63,1545.10
719,商品-719,6,小家电,822.24,539.28
720,商品-720,1,蔬果,432.48,326.13
721,商品-721,2,肉禽,135.12,96.93
722,商品-722,3,水产,724.60,567.26
723,商品-723,4,米面,36.80,29.29
724,商品-724,5,食用油,2934.88,1988.80
725,商品-725,6,乳品,129.02,95.23
726,商品-726,1,熟食,393.85,328.93
727,商品-727,2,饼干,18.12,14.56
728,商品-728,3,饮料,905.38,638.61
729,商品-729,4,清洁,854.74,528.79
730,商品-730,5,纸品,3087.55,2087.19
731,商品-731,6,小家电,582.41,461.46
732,商品-732,1,蔬果,50.16,30.16
733,商品-733,2,肉禽,512.65,312.14
734,商品-734,3,水产,884.44,610.25
735,商品-735,4,米面,340.72,270.40
736,商品-736,5,食用油,1067.80,797.65
737,商品-737,6,乳品,1864.41,1534.44
738,商品-738,1,熟食,627.99,389.13
739,商品-739,2,饼干,1159.52,697.85
740,商品-740,3,饮料,1371.91,1030.18
741,商品-741,4,清洁,1739.22,1335.85
742,商品-742,5,纸品,804.10,520.99
743,商品-743,6,小家电,3427.69,2446.55
744,商品-744,1,蔬果,597.95,500.48
745,商品-745,2,肉禽,871.42,570.97
746,商品-746,3,水产,1244.65,1045.93
747,商品-747,4,米面,1700.79,1261.99
748,商品-748,5,食用油,2738.66,1800.81
749,商品-749,6,乳品,3945.30,2874.75
750,商品-750,1,熟食,571.65,430.75
751,商品-751,2,饼干,1269.59,880.65
752,商品-752,3,饮料,1142.16,824.84
753,商品-753,4,清洁,2472.57,1990.35
754,商品-754,5,纸品,768.79,539.18
755,商品-755,6,小家电,1728.27,1353.32
756,商品-756,1,蔬果,624.85,506.32
757,商品-757,2,肉禽,641.36,429.38
758,商品-758,3,水产,1834.00,1409.27
759,商品-759,4,米面,1763.75,1297.54
760,商品-760,5,食用油,1199.68,770.01
761,商品-761,6,乳品,1955.89,1522.01
762,商品-762,1,熟食,604.56,402.68
763,商品-763,2,饼干,546.95,454.70
764,商品-764,3,饮料,1488.07,1161.57
765,商品-765,4,清洁,1662.83,1370.56
766,商品-766,5,纸品,11.39,7.14
767,商品-767,6,小家电,860.23,710.99
768,商品-768,1,蔬果,433.47,282.76
769,商品-769,2,肉禽,41.44,33.69
770,商品-770,3,水产,546.13,349.50
771,商品-771,4,米面,1498.72,903.15
772,商品-772,5,食用油,1969.10,1182.41
773,商品-773,6,乳品,104.26,75.63
774,商品-774,1,熟食,402.46,339.11
775,商品-775,2,饼干,214.39,180.55
776,商品-776,3,饮料,1918.70,1327.59
777,商品-777,4,清洁,192.47,130.30
778,商品-778,5,纸品,2634.22,1857.72
779,商品-779,6,小家电,2910.31,1880.45
780,商品-780,1,蔬果,260.92,206.50
781,商品-781,2,肉禽,1073.36,752.72
782,商品-782,3,水产,884.81,635.30
783,商品-783,4,米面,1892.11,1252.63
784,商品-784,5,食用油,1734.00,1432.78
785,商品-785,6,乳品,159.83,127.32
786,商品-786,1,熟食,50.71,33.35
787,商品-787,2,饼干,565.01,434.49
788,商品-788,3,饮料,130.30,103.13
789,商品-789,4,清洁,653.99,506.49
790,商品-790,5,纸品,2720.52,2140.10
791,商品-791,6,小家电,1487.66,1012.31
792,商品-792,1,蔬果,145.25,111.92
793,商品-793,2,肉禽,1039.09,741.97
794,商品-794,3,水产,1407.10,950.78
795,商品-795,4,米面,81.71,63.71
796,商品-796,5,食用油,2774.54,2345.40
797,商品-797,6,乳品,2582.27,1603.49
798,商品-798,1,熟食,486.71,340.57
799,商品-799,2,饼干,996.33,809.55
800,商品-800,3,饮料,1098.44,709.39
801,商品-801,4,清洁,1353.73,916.69
802,商品-802,5,纸品,3089.87,2525.55
803,商品-803,6,小家电,1724.32,1041.88
804,商品-804,1,蔬果,438.30,350.39
805,商品-805,2,肉禽,182.67,111.68
806,商品-806,3,水产,1193.01,821.26
807,商品-807,4,米面,1506.43,1243.82
808,商品-808,5,食用油,2636.46,2107.27
809,商品-809,6,乳品,887.77,717.21
810,商品-810,1,熟食,471.35,299.56
811,商品-811,2,饼干,907.06,552.52
812,商品-812,3,饮料,37.30,24.86
813,商品-813,4,清洁,931.44,648.16
814,商品-814,5,纸品,213.84,142.53
815,商品-815,6,小家电,3402.66,2544.84
816,商品-816,1,蔬果,258.33,162.85
817,商品-817,2,肉禽,1124.48,790.69
818,商品-818,3,水产,375.08,284.54
819,商品-819,4,米面,1476.81,1125.09
820,商品-820,5,食用油,1932.04,1287.90
821,商品-821,6,乳品,82.41,67.38
822,商品-822,1,熟食,313.50,205.94
823,商品-823,2,饼干,754.72,566.00
824,商品-824,3,饮料,167.00,132.22
825,商品-825,4,清洁,2505.30,2005.64
826,商品-826,5,纸品,2037.33,1315.76
827,商品-827,6,小家电,77.38,58.96
828,商品-828,1,蔬果,353.94,225.17
829,商品-829,2,肉禽,1045.47,841.89
830,商品-830,3,水产,173.50,133.30
831,商品-831,4,米面,1827.70,1477.59
832,商品-832,5,食用油,2038.03,1449.09
833,商品-833,6,乳品,213.13,153.10
834,商品-834,1,熟食,330.63,271.00
835,商品-835,2,饼干,294.77,239.72
836,商品-836,3,饮料,851.28,525.94
837,商品-837,4,清洁,2136.52,1705.15
838,商品-838,5,纸品,3305.04,1991.91
839,商品-839,6,小家电,1786.93,1414.15
840,商品-840,1,蔬果,361.91,235.70
841,商品-841,2,肉禽,30.96,26.04
842,商品-842,3,水产,660.19,474.34
843,商品-843,4,米面,635.11,410.47
844,商品-844,5,食用油,2451.86,1772.89
845,商品-845,6,乳品,1912.00,1407.53
846,商品-846,1,熟食,291.24,232.84
847,商品-847,2,饼干,108.59,90.09
848,商品-848,3,饮料,1546.07,1176.13
849,商品-849,4,清洁,569.67,478.00
850,商品-850,5,纸品,2343.80,1905.47
851,商品-851,6,小家电,360.24,284.42
852,商品-852,1,蔬果,579.36,353.21
853,商品-853,2,肉禽,225.16,183.42
854,商品-854,3,水产,1179.29,996.27
855,商品-855,4,米面,160.92,136.67
856,商品-856,5,食用油,479.34,377.26
857,商品-857,6,乳品,3289.36,2100.08
858,商品-858,1,熟食,280.90,187.48
859,商品-859,2,饼干,1139.62,753.99
860,商品-860,3,饮料,574.32,436.52
861,商品-861,4,清洁,469.16,337.04
862,商品-862,5,纸品,2521.35,1939.82
863,商品-863,6,小家电,906.63,759.32
864,商品-864,1,蔬果,124.08,100.87
865,商品-865,2,肉禽,680.28,499.68
866,商品-866,3,水产,429.43,271.28
867,商品-867,4,米面,1502.40,1241.55
868,商品-868,5,食用油,2174.62,1774.35
869,商品-869,6,乳品,1537.54,1007.56
870,商品-870,1,熟食,259.15,205.83
871,商品-871,2,饼干,124.41,82.25
872,商品-872,3,饮料,1201.53,862.06
873,商品-873,4,清洁,2162.02,1440.18
874,商品-874,5,纸品,2478.81,1906.63
875,商品-875,6,小家电,3283.83,2582.17
876,商品-876,1,蔬果,445.69,349.01
877,商品-877,2,肉禽,50.49,33.87
878,商品-878,3,水产,1925.76,1290.68
879,商品-879,4,米面,2194.24,1468.02
880,商品-880,5,食用油,3103.77,2524.41
881,商品-881,6,乳品,1446.61,955.13
882,商品-882,1,熟食,264.61,167.43
883,商品-883,2,饼干,403.17,324.59
884,商品-884,3,饮料,1123.98,777.96
885,商品-885,4,清洁,193.55,117.02
886,商品-886,5,纸品,3083.59,2350.78
887,商品-887,6,小家电,3289.93,2400.23
888,商品-888,1,蔬果,169.04,119.19
889,商品-889,2,肉禽,363.14,239.39
890,商品-890,3,水产,1220.61,843.32
891,商品-891,4,米面,1844.85,1533.87
892,商品-892,5,食用油,1852.65,1138.66
893,商品-893,6,乳品,3406.99,2197.02
894,商品-894,1,熟食,154.69,114.71
895,商品-895,2,饼干,1007.94,774.80
896,商品-896,3,饮料,859.22,699.32
897,商品-897,4,清洁,2550.83,2129.16
898,商品-898,5,纸品,1267.54,905.88
899,商品-899,6,小家电,57.92,45.15
900,商品-900,1,蔬果,259.28,164.74
901,商品-901,2,肉禽,381.71,285.63
902,商品-902,3,水产,1932.83,1196.30
903,商品-903,4,米面,1612.22,1352.32
904,商品-904,5,食用油,2719.04,1984.42
905,商品-905,6,乳品,2068.64,1255.14
906,商品-906,1,熟食,200.60,126.05
907,商品-907,2,饼干,485.53,351.19
908,商品-908,3,饮料,1332.06,886.62
909,商品-909,4,清洁,784.92,552.97
910,商品-910,5,纸品,307.27,241.13
911,商品-911,6,小家电,397.46,248.99
912,商品-912,1,蔬果,344.59,256.20
913,商品-913,2,肉禽,23.30,15.40
914,商品-914,3,水产,807.35,535.89
915,商品-915,4,米面,888.43,649.55
916,商品-916,5,食用油,1113.75,773.73
917,商品-917,6,乳品,536.75,439.97
918,商品-918,1,熟食,647.49,433.87
919,商品-919,2,饼干,1111.94,807.85
920,商品-920,3,饮料,779.66,519.12
921,商品-921,4,清洁,1863.87,1389.95
922,商品-922,5,纸品,1897.39,1281.23
923,商品-923,6,小家电,2319.36,1755.12
924,商品-924,1,蔬果,430.30,352.14
925,商品-925,2,肉禽,1062.68,852.64
926,商品-926,3,水产,389.60,252.83
927,商品-927,4,米面,890.71,751.03
928,商品-928,5,食用油,2064.66,1689.63
929,商品-929,6,乳品,274.33,180.10
930,商品-930,1,熟食,17.39,12.73
931,商品-931,2,饼干,277.24,209.67
932,商品-932,3,饮料,937.53,720.19
933,商品-933,4,清洁,709.75,436.30
934,商品-934,5,纸品,2084.17,1314.57
935,商品-935,6,小家电,335.13,278.65
936,商品-936,1,蔬果,606.74,430.75
937,商品-937,2,肉禽,68.22,43.10
938,商品-938,3,水产,949.51,780.58
939,商品-939,4,米面,1499.76,913.31
940,商品-940,5,食用油,2354.19,1719.66
941,商品-941,6,乳品,1989.88,1228.19
942,商品-942,1,熟食,517.47,406.92
943,商品-943,2,饼干,1109.75,783.67
944,商品-944,3,饮料,160.61,120.30
945,商品-945,4,清洁,1914.88,1190.44
946,商品-946,5,纸品,491.16,380.99
947,商品-947,6,小家电,1670.88,1193.77
948,商品-948,1,蔬果,187.08,115.77
949,商品-949,2,肉禽,845.60,673.51
950,商品-950,3,水产,1892.62,1408.39
951,商品-951,4,米面,1345.77,1035.52
952,商品-952,5,食用油,364.03,269.66
953,商品-953,6,乳品,2684.24,1967.94
954,商品-954,1,熟食,481.37,297.03
955,商品-955,2,饼干,819.45,598.76
956,商品-956,3,饮料,837.17,692.06
957,商品-957,4,清洁,812.89,602.92
958,商品-958,5,纸品,2676.59,2180.67
959,商品-959,6,小家电,3507.49,2469.46
960,商品-960,1,蔬果,28.36,22.56
961,商品-961,2,肉禽,190.21,147.84
962,商品-962,3,水产,898.21,711.49
963,商品-963,4,米面,54.17,42.20
964,商品-964,5,食用油,2730.41,1770.64
965,商品-965,6,乳品,1328.26,981.02
966,商品-966,1,熟食,269.92,189.21
967,商品-967,2,饼干,1011.55,834.71
968,商品-968,3,饮料,65.37,44.87
969,商品-969,4,清洁,1105.74,823.83
970,商品-970,5,纸品,796.86,638.40
971,商品-971,6,小家电,3835.83,2785.20
972,商品-972,1,蔬果,642.36,513.33
973,商品-973,2,肉禽,463.70,294.26
974,商品-974,3,水产,1696.46,1103.99
975,商品-975,4,米面,1849.43,1345.94
976,商品-976,5,食用油,740.48,535.40
977,商品-977,6,乳品,766.17,597.30
978,商品-978,1,熟食,356.74,217.04
979,商品-979,2,饼干,741.82,473.04
980,商品-980,3,饮料,1717.13,1044.39
981,商品-981,4,清洁,2262.41,1835.01
982,商品-982,5,纸品,3263.94,2495.89
983,商品-983,6,小家电,102.57,74.76
984,商品-984,1,蔬果,345.79,223.99
985,商品-985,2,肉禽,984.10,612.81
986,商品-986,3,水产,1017.94,789.47
987,商品-987,4,米面,2128.01,1420.43
988,商品-988,5,食用油,802.88,669.10
989,商品-989,6,乳品,2755.00,2035.51
990,商品-990,1,熟食,275.18,217.49
991,商品-991,2,饼干,882.91,719.72
992,商品-992,3,饮料,1608.55,1021.03
993,商品-993,4,清洁,2095.64,1564.97
994,商品-994,5,纸品,1909.16,1525.42
995,商品-995,6,小家电,239.18,196.39
996,商品-996,1,蔬果,403.69,335.68
997,商品-997,2,肉禽,157.71,124.53
998,商品-998,3,水产,1665.30,1022.26
999,商品-999,4,米面,846.12,717.83
1000,商品-1000,5,食用油,2709.25,1803.31
1001,商品-1001,6,乳品,2139.89,1674.18
1002,商品-1002,1,熟食,277.23,173.94
1003,商品-1003,2,饼干,654.70,445.91
1004,商品-1004,3,饮料,1032.73,673.61
1005,商品-1005,4,清洁,1224.05,1028.08
1006,商品-1006,5,纸品,1800.72,1360.40
1007,商品-1007,6,小家电,2880.65,2149.24
1008,商品-1008,1,蔬果,55.21,44.59
1009,商品-1009,2,肉禽,777.88,604.10
1010,商品-1010,3,水产,64.41,41.57
1011,商品-1011,4,米面,930.83,717.66
1012,商品-1012,5,食用油,2365.15,1908.43
1013,商品-1013,6,乳品,2740.04,2143.71
1014,商品-1014,1,熟食,576.33,386.15
1015,商品-1015,2,饼干,504.36,362.93
1016,商品-1016,3,饮料,652.26,546.72
1017,商品-1017,4,清洁,422.80,345.76
1018,商品-1018,5,纸品,1189.46,785.68
1019,商品-1019,6,小家电,434.66,365.05
1020,商品-1020,1,蔬果,273.67,177.20
1021,商品-1021,2,肉禽,297.13,232.69
1022,商品-1022,3,水产,142.44,108.59
1023,商品-1023,4,米面,273.87,192.57
1024,商品-1024,5,食用油,809.42,591.60
1025,商品-1025,6,乳品,1646.65,1275.54
1026,商品-1026,1,熟食,79.05,62.70
1027,商品-1027,2,饼干,919.21,721.08
1028,商品-1028,3,饮料,761.67,497.28
1029,商品-1029,4,清洁,224.50,144.19
1030,商品-1030,5,纸品,1022.06,767.05
1031,商品-1031,6,小家电,1130.96,894.42
1032,商品-1032,1,蔬果,486.95,296.77
1033,商品-1033,2,肉禽,162.24,110.80
1034,商品-1034,3,水产,679.50,483.42
1035,商品-1035,4,米面,1992.05,1500.22
1036,商品-1036,5,食用油,314.88,236.95
1037,商品-1037,6,乳品,1767.11,1436.37
1038,商品-1038,1,熟食,348.70,242.94
1039,商品-1039,2,饼干,118.41,94.13
1040,商品-1040,3,饮料,1779.45,1135.42
1041,商品-1041,4,清洁,883.77,700.62
1042,商品-1042,5,纸品,2388.23,1919.41
1043,商品-1043,6,小家电,3418.06,2392.77
1044,商品-1044,1,蔬果,50.51,33.49
1045,商品-1045,2,肉禽,521.13,416.75
1046,商品-1046,3,水产,64.49,46.53
1047,商品-1047,4,米面,1457.86,1178.53
1048,商品-1048,5,食用油,2016.46,1532.54
1049,商品-1049,6,乳品,1375.80,842.87
1050,商品-1050,1,熟食,384.14,317.08
1051,商品-1051,2,饼干,735.63,563.05
1052,商品-1052,3,饮料,1479.35,1038.89
1053,商品-1053,4,清洁,2462.54,1483.42
1054,商品-1054,5,纸品,286.89,186.22
1055,商品-1055,6,小家电,2967.81,1910.42
1056,商品-1056,1,蔬果,463.65,311.60
1057,商品-1057,2,肉禽,404.18,249.34
1058,商品-1058,3,水产,234.90,191.60
1059,商品-1059,4,米面,2585.28,1866.73
1060,商品-1060,5,食用油,2782.93,2085.32
1061,商品-1061,6,乳品,3038.55,2235.04
1062,商品-1062,1,熟食,31.45,22.97
1063,商品-1063,2,饼干,398.63,323.75
1064,商品-1064,3,饮料,1715.67,1230.76
1065,商品-1065,4,清洁,948.13,797.91
1066,商品-1066,5,纸品,2547.59,2104.68
1067,商品-1067,6,小家电,956.35,622.17
1068,商品-1068,1,蔬果,8.56,5.69
1069,商品-1069,2,肉禽,364.47,264.53
1070,商品-1070,3,水产,835.74,594.99
1071,商品-1071,4,米面,1085.90,882.93
1072,商品-1072,5,食用油,3113.28,2335.70
1073,商品-1073,6,乳品,1102.63,758.54
1074,商品-1074,1,熟食,654.73,461.68
1075,商品-1075,2,饼干,267.32,191.66
1076,商品-1076,3,饮料,1315.72,868.44
1077,商品-1077,4,清洁,1663.44,1123.15
1078,商品-1078,5,纸品,2994.59,2373.47
1079,商品-1079,6,小家电,2742.21,2230.20
1080,商品-1080,1,蔬果,447.56,346.54
1081,商品-1081,2,肉禽,817.84,591.49
1082,商品-1082,3,水产,97.25,81.99
1083,商品-1083,4,米面,973.77,604.02
1084,商品-1084,5,食用油,102.33,72.90
1085,商品-1085,6,乳品,636.53,535.11
1086,商品-1086,1,熟食,390.02,279.18
1087,商品-1087,2,饼干,1168.90,912.36
1088,商品-1088,3,饮料,504.32,393.49
1089,商品-1089,4,清洁,2208.45,1516.50
1090,商品-1090,5,纸品,2023.89,1562.64
1091,商品-1091,6,小家电,1656.93,1285.19
1092,商品-1092,1,蔬果,421.53,262.38
1093,商品-1093,2,肉禽,49.81,39.29
1094,商品-1094,3,水产,898.11,657.42
1095,商品-1095,4,米面,2079.88,1534.95
1096,商品-1096,5,食用油,3155.72,2640.02
1097,商品-1097,6,乳品,3860.76,2850.56
1098,商品-1098,1,熟食,549.27,390.33
1099,商品-1099,2,饼干,71.82,51.96
1100,商品-1100,3,饮料,1935.30,1443.52
1101,商品-1101,4,清洁,428.67,315.27
1102,商品-1102,5,纸品,2579.63,1615.91
1103,商品-1103,6,小家电,2911.47,2288.90
1104,商品-1104,1,蔬果,580.42,357.88
1105,商品-1105,2,肉禽,637.18,477.40
1106,商品-1106,3,水产,939.92,610.14
1107,商品-1107,4,米面,2471.98,2094.91
1108,商品-1108,5,食用油,1570.62,1015.80
1109,商品-1109,6,乳品,2233.01,1634.41
1110,商品-1110,1,熟食,238.14,198.06
1111,商品-1111,2,饼干,706.63,470.39
1112,商品-1112,3,饮料,886.95,736.54
1113,商品-1113,4,清洁,1211.46,736.84
1114,商品-1114,5,纸品,1153.49,751.42
1115,商品-1115,6,小家电,294.73,205.05
1116,商品-1116,1,蔬果,634.17,416.69
1117,商品-1117,2,肉禽,1218.47,953.54
1118,商品-1118,3,水产,326.15,272.59
1119,商品-1119,4,米面,2182.70,1542.64
1120,商品-1120,5,食用油,406.76,282.53
1121,商品-1121,6,乳品,81.60,65.15
1122,商品-1122,1,熟食,266.77,212.42
1123,商品-1123,2,饼干,195.12,155.68
1124,商品-1124,3,饮料,1085.26,720.23
1125,商品-1125,4,清洁,2053.06,1638.38
1126,商品-1126,5,纸品,2197.42,1473.82
1127,商品-1127,6,小家电,3354.06,2592.74
1128,商品-1128,1,蔬果,72.77,54.77
1129,商品-1129,2,肉禽,253.16,180.75
1130,商品-1130,3,水产,1066.89,687.47
1131,商品-1131,4,米面,1702.13,1280.37
1132,商品-1132,5,食用油,2786.14,1767.42
1133,商品-1133,6,乳品,2196.24,1396.96
1134,商品-1134,1,熟食,306.50,226.15
1135,商品-1135,2,饼干,963.28,626.72
1136,商品-1136,3,饮料,1841.21,1427.30
1137,商品-1137,4,清洁,459.46,339.95
1138,商品-1138,5,纸品,2582.29,1923.81
1139,商品-1139,6,小家电,3178.79,2150.05
1140,商品-1140,1,蔬果,153.84,97.78
1141,商品-1141,2,肉禽,1270.02,984.36
1142,商品-1142,3,水产,1941.50,1355.07
1143,商品-1143,4,米面,1325.05,837.83
1144,商品-1144,5,食用油,434.12,275.70
1145,商品-1145,6,乳品,1484.08,960.88
1146,商品-1146,1,熟食,551.42,407.05
1147,商品-1147,2,饼干,1003.38,639.52
1148,商品-1148,3,饮料,982.58,694.85
1149,商品-1149,4,清洁,57.42,48.81
1150,商品-1150,5,纸品,2650.74,2120.38
1151,商品-1151,6,小家电,3482.36,2704.68
1152,商品-1152,1,蔬果,189.73,132.61
1153,商品-1153,2,肉禽,35.32,24.12
1154,商品-1154,3,水产,68.56,44.85
1155,商品-1155,4,米面,2058.03,1708.15
1156,商品-1156,5,食用油,751.13,623.17
1157,商品-1157,6,乳品,148.19,109.08
1158,商品-1158,1,熟食,394.30,249.85
1159,商品-1159,2,饼干,88.63,53.42
1160,商品-1160,3,饮料,152.73,91.69
1161,商品-1161,4,清洁,1898.94,1200.64
1162,商品-1162,5,纸品,2512.77,1967.45
1163,商品-1163,6,小家电,3544.06,2710.74
1164,商品-1164,1,蔬果,296.84,224.29
1165,商品-1165,2,肉禽,792.89,670.12
1166,商品-1166,3,水产,1163.02,948.45
1167,商品-1167,4,米面,1144.43,717.90
1168,商品-1168,5,食用油,1833.31,1414.88
1169,商品-1169,6,乳品,3792.26,3191.53
1170,商品-1170,1,熟食,106.25,87.40
1171,商品-1171,2,饼干,318.17,227.02
1172,商品-1172,3,饮料,421.49,295.54
1173,商品-1173,4,清洁,2226.12,1432.73
1174,商品-1174,5,纸品,2042.10,1497.55
1175,商品-1175,6,小家电,2480.89,1532.94
1176,商品-1176,1,蔬果,631.69,489.96
1177,商品-1177,2,肉禽,550.95,450.78
1178,商品-1178,3,水产,610.49,488.08
1179,商品-1179,4,米面,1332.79,988.92
1180,商品-1180,5,食用油,629.68,491.58
1181,商品-1181,6,乳品,1886.02,1490.81
1182,商品-1182,1,熟食,132.32,85.59
1183,商品-1183,2,饼干,183.65,146.89
1184,商品-1184,3,饮料,1769.33,1492.61
1185,商品-1185,4,清洁,124.31,85.78
1186,商品-1186,5,纸品,562.41,402.79
1187,商品-1187,6,小家电,2541.88,1856.51
1188,商品-1188,1,蔬果,468.42,350.97
1189,商品-1189,2,肉禽,254.91,177.37
1190,商品-1190,3,水产,745.87,573.94
1191,商品-1191,4,米面,1823.89,1383.10
1192,商品-1192,5,食用油,2360.55,1523.38
1193,商品-1193,6,乳品,3184.81,2436.05
1194,商品-1194,1,熟食,241.49,183.20
1195,商品-1195,2,饼干,838.31,505.19
1196,商品-1196,3,饮料,1019.88,649.15
1197,商品-1197,4,清洁,619.40,459.87
1198,商品-1198,5,纸品,2226.96,1800.06
1199,商品-1199,6,小家电,2307.64,1458.98
1200,商品-1200,1,蔬果,64.33,47.72
1201,商品-1201,2,肉禽,1100.27,907.84
1202,商品-1202,3,水产,163.22,129.12
1203,商品-1203,4,米面,1370.33,1099.05
1204,商品-1204,5,食用油,133.74,85.48
1205,商品-1205,6,乳品,714.58,489.72
1206,商品-1206,1,熟食,202.77,127.87
1207,商品-1207,2,饼干,177.25,130.64
1208,商品-1208,3,饮料,1889.25,1574.16
1209,商品-1209,4,清洁,310.36,241.82
1210,商品-1210,5,纸品,406.66,247.14
1211,商品-1211,6,小家电,1980.28,1388.34
1212,商品-1212,1,蔬果,583.42,396.60
1213,商品-1213,2,肉禽,357.95,284.10
1214,商品-1214,3,水产,1522.60,1055.66
1215,商品-1215,4,米面,1646.18,1036.43
1216,商品-1216,5,食用油,2877.67,2407.20
1217,商品-1217,6,乳品,2118.55,1343.93
1218,商品-1218,1,熟食,239.19,176.43
1219,商品-1219,2,饼干,1080.78,825.57
1220,商品-1220,3,饮料,531.23,381.11
1221,商品-1221,4,清洁,2175.50,1825.28
1222,商品-1222,5,纸品,590.87,485.65
1223,商品-1223,6,小家电,1896.18,1532.60
1224,商品-1224,1,蔬果,529.44,388.46
1225,商品-1225,2,肉禽,813.53,531.11
1226,商品-1226,3,水产,707.82,578.23
1227,商品-1227,4,米面,1550.57,1037.13
1228,商品-1228,5,食用油,1989.91,1564.50
1229,商品-1229,6,乳品,1166.50,729.37
1230,商品-1230,1,熟食,366.53,260.30
1231,商品-1231,2,饼干,1131.97,771.82
1232,商品-1232,3,饮料,1518.89,1147.71
1233,商品-1233,4,清洁,2059.12,1505.22
1234,商品-1234,5,纸品,1882.66,1454.77
1235,商品-1235,6,小家电,2309.02,1780.83
1236,商品-1236,1,蔬果,361.42,295.52
1237,商品-1237,2,肉禽,1192.21,776.89
1238,商品-1238,3,水产,83.38,58.93
1239,商品-1239,4,米面,2670.05,1835.57
1240,商品-1240,5,食用油,3106.11,2551.10
1241,商品-1241,6,乳品,380.52,277.31
1242,商品-1242,1,熟食,89.67,72.89
1243,商品-1243,2,饼干,7.10,4.75
1244,商品-1244,3,饮料,1160.33,888.26
1245,商品-1245,4,清洁,2291.23,1459.25
1246,商品-1246,5,纸品,2330.45,1621.58
1247,商品-1247,6,小家电,3861.98,3049.49
1248,商品-1248,1,蔬果,614.97,510.59
1249,商品-1249,2,肉禽,1244.81,848.25
1250,商品-1250,3,水产,1943.55,1609.40
1251,商品-1251,4,米面,542.04,374.46
1252,商品-1252,5,食用油,1446.56,1121.01
1253,商品-1253,6,乳品,2262.31,1695.25
1254,商品-1254,1,熟食,385.25,261.51
1255,商品-1255,2,饼干,740.17,468.53
1256,商品-1256,3,饮料,643.93,529.56
1257,商品-1257,4,清洁,1111.06,732.17
1258,商品-1258,5,纸品,2352.61,1687.84
1259,商品-1259,6,小家电,1473.01,958.45
1260,商品-1260,1,蔬果,242.61,177.19
1261,商品-1261,2,肉禽,1172.15,919.29
1262,商品-1262,3,水产,1874.36,1164.46
1263,商品-1263,4,米面,1878.04,1388.66
1264,商品-1264,5,食用油,2073.80,1514.53
1265,商品-1265,6,乳品,1304.73,1031.44
1266,商品-1266,1,熟食,544.05,407.57
1267,商品-1267,2,饼干,467.57,354.23
1268,商品-1268,3,饮料,190.47,146.23
1269,商品-1269,4,清洁,2448.09,1780.67
1270,商品-1270,5,纸品,784.83,532.83
1271,商品-1271,6,小家电,1009.02,686.62
1272,商品-1272,1,蔬果,119.74,91.08
1273,商品-1273,2,肉禽,337.91,217.71
1274,商品-1274,3,水产,1654.27,1094.35
1275,商品-1275,4,米面,2147.59,1445.58
1276,商品-1276,5,食用油,387.76,271.19
1277,商品-1277,6,乳品,3349.08,2020.88
1278,商品-1278,1,熟食,226.29,173.27
1279,商品-1279,2,饼干,890.99,741.42
1280,商品-1280,3,饮料,1542.19,1027.29
1281,商品-1281,4,清洁,1924.70,1570.39
1282,商品-1282,5,纸品,1733.50,1249.23
1283,商品-1283,6,小家电,3486.92,2519.99
1284,商品-1284,1,蔬果,100.22,73.66
1285,商品-1285,2,肉禽,1204.09,800.36
1286,商品-1286,3,水产,239.14,196.00
1287,商品-1287,4,米面,466.94,290.49
1288,商品-1288,5,食用油,2413.91,1723.77
1289,商品-1289,6,乳品,2350.53,1686.69
1290,商品-1290,1,熟食,433.48,363.06
1291,商品-1291,2,饼干,819.09,664.22
1292,商品-1292,3,饮料,935.76,604.43
1293,商品-1293,4,清洁,598.83,387.85
1294,商品-1294,5,纸品,2406.50,1710.42
1295,商品-1295,6,小家电,748.68,462.09
1296,商品-1296,1,蔬果,234.90,191.03
1297,商品-1297,2,肉禽,56.84,43.54
1298,商品-1298,3,水产,586.36,439.74
1299,商品-1299,4,米面,2554.18,1635.41
1300,商品-1300,5,食用油,30.04,22.60
1301,商品-1301,6,乳品,3817.12,2635.34
1302,商品-1302,1,熟食,205.80,146.85
1303,商品-1303,2,饼干,977.34,749.33
1304,商品-1304,3,饮料,1083.05,706.49
1305,商品-1305,4,清洁,1354.46,1052.03
1306,商品-1306,5,纸品,407.88,294.57
1307,商品-1307,6,小家电,3642.78,3028.01
1308,商品-1308,1,蔬果,194.26,138.39
1309,商品-1309,2,肉禽,505.30,349.14
1310,商品-1310,3,水产,1425.08,1140.93
1311,商品-1311,4,米面,492.16,403.36
1312,商品-1312,5,食用油,2262.51,1671.75
1313,商品-1313,6,乳品,2094.79,1375.09
1314,商品-1314,1,熟食,50.64,38.80
1315,商品-1315,2,饼干,865.62,601.42
1316,商品-1316,3,饮料,1926.01,1367.95
1317,商品-1317,4,清洁,805.79,640.40
1318,商品-1318,5,纸品,2028.02,1250.35
1319,商品-1319,6,小家电,1296.94,970.93
1320,商品-1320,1,蔬果,529.56,358.27
1321,商品-1321,2,肉禽,335.22,280.92
1322,商品-1322,3,水产,44.28,34.33
1323,商品-1323,4,米面,773.96,539.12
1324,商品-1324,5,食用油,2682.23,2188.42
1325,商品-1325,6,乳品,468.76,329.94
1326,商品-1326,1,熟食,531.95,436.36
1327,商品-1327,2,饼干,782.16,617.45
1328,商品-1328,3,饮料,1784.61,1428.73
1329,商品-1329,4,清洁,738.85,505.07
1330,商品-1330,5,纸品,349.75,253.29
1331,商品-1331,6,小家电,1202.07,830.77
1332,商品-1332,1,蔬果,336.62,251.16
1333,商品-1333,2,肉禽,40.82,34.18
1334,商品-1334,3,水产,1266.99,880.74
1335,商品-1335,4,米面,239.78,170.52
1336,商品-1336,5,食用油,2532.23,1527.16
1337,商品-1337,6,乳品,1539.67,1069.48
1338,商品-1338,1,熟食,480.35,359.60
1339,商品-1339,2,饼干,957.89,723.64
1340,商品-1340,3,饮料,1862.64,1234.62
1341,商品-1341,4,清洁,1796.88,1517.00
1342,商品-1342,5,纸品,1968.17,1520.12
1343,商品-1343,6,小家电,1445.05,1121.61
1344,商品-1344,1,蔬果,434.46,341.36
1345,商品-1345,2,肉禽,1244.22,987.22
1346,商品-1346,3,水产,1442.33,1208.63
1347,商品-1347,4,米面,1010.68,708.88
1348,商品-1348,5,食用油,3158.01,1958.57
1349,商品-1349,6,乳品,3824.66,2339.64
1350,商品-1350,1,熟食,40.62,29.53
1351,商品-1351,2,饼干,815.81,669.84
1352,商品-1352,3,饮料,124.56,103.97
1353,商品-1353,4,清洁,204.52,140.15
1354,商品-1354,5,纸品,681.58,534.28
1355,商品-1355,6,小家电,1905.08,1456.10
1356,商品-1356,1,蔬果,18.39,14.15
1357,商品-1357,2,肉禽,627.57,500.37
1358,商品-1358,3,水产,726.30,574.26
1359,商品-1359,4,米面,1206.47,967.64
1360,商品-1360,5,食用油,2692.51,2175.06
1361,商品-1361,6,乳品,7.38,4.63
1362,商品-1362,1,熟食,528.71,325.42
1363,商品-1363,2,饼干,570.60,367.34
1364,商品-1364,3,饮料,87.41,61.20
1365,商品-1365,4,清洁,1002.07,702.41
1366,商品-1366,5,纸品,1468.36,1099.58
1367,商品-1367,6,小家电,1133.97,823.06
1368,商品-1368,1,蔬果,662.79,520.92
1369,商品-1369,2,肉禽,45.82,36.07
1370,商品-1370,3,水产,1717.01,1457.29
1371,商品-1371,4,米面,2240.46,1400.47
1372,商品-1372,5,食用油,2674.05,1713.69
1373,商品-1373,6,乳品,2867.67,1936.11
1374,商品-1374,1,熟食,200.68,153.97
1375,商品-1375,2,饼干,722.58,480.70
1376,商品-1376,3,饮料,618.16,420.64
1377,商品-1377,4,清洁,1618.57,1261.53
1378,商品-1378,5,纸品,1430.04,1018.24
1379,商品-1379,6,小家电,3795.34,2810.24
1380,商品-1380,1,蔬果,457.30,377.23
1381,商品-1381,2,肉禽,918.91,718.37
1382,商品-1382,3,水产,1090.11,777.62
1383,商品-1383,4,米面,725.68,462.90
1384,商品-1384,5,食用油,2827.48,2323.10
1385,商品-1385,6,乳品,3377.31,2548.62
1386,商品-1386,1,熟食,573.40,448.30
1387,商品-1387,2,饼干,913.40,558.21
1388,商品-1388,3,饮料,1271.47,832.46
1389,商品-1389,4,清洁,1591.34,1097.86
1390,商品-1390,5,纸品,602.67,375.27
1391,商品-1391,6,小家电,1631.61,1265.06
1392,商品-1392,1,蔬果,573.61,376.26
1393,商品-1393,2,肉禽,154.74,108.11
1394,商品-1394,3,水产,1621.65,1042.03
1395,商品-1395,4,米面,1185.20,740.42
1396,商品-1396,5,食用油,1724.73,1065.47
1397,商品-1397,6,乳品,514.30,349.12
1398,商品-1398,1,熟食,166.08,109.23
1399,商品-1399,2,饼干,743.91,499.85
1400,商品-1400,3,饮料,1982.57,1568.11
1401,商品-1401,4,清洁,1495.65,1098.29
1402,商品-1402,5,纸品,3107.72,2339.88
1403,商品-1403,6,小家电,3014.38,2131.78
1404,商品-1404,1,蔬果,601.25,377.20
1405,商品-1405,2,肉禽,1031.00,787.50
1406,商品-1406,3,水产,857.61,517.05
1407,商品-1407,4,米面,5.05,3.95
1408,商品-1408,5,食用油,2725.61,1828.34
1409,商品-1409,6,乳品,3666.46,2717.11
1410,商品-1410,1,熟食,491.27,359.74
1411,商品-1411,2,饼干,169.05,121.70
1412,商品-1412,3,饮料,1851.59,1361.84
1413,商品-1413,4,清洁,147.44,112.48
1414,商品-1414,5,纸品,3305.37,2613.25
1415,商品-1415,6,小家电,2644.26,1768.15
1416,商品-1416,1,蔬果,248.62,184.33
1417,商品-1417,2,肉禽,747.65,626.30
1418,商品-1418,3,水产,565.93,452.59
1419,商品-1419,4,米面,1638.48,1059.24
1420,商品-1420,5,食用油,255.44,193.05
1421,商品-1421,6,乳品,1963.56,1397.66
1422,商品-1422,1,熟食,620.41,456.40
1423,商品-1423,2,饼干,903.81,666.80
1424,商品-1424,3,饮料,1362.24,987.95
1425,商品-1425,4,清洁,117.96,87.20
1426,商品-1426,5,纸品,2349.36,1868.31
1427,商品-1427,6,小家电,1895.29,1255.51
1428,商品-1428,1,蔬果,117.79,85.57
1429,商品-1429,2,肉禽,596.99,477.79
1430,商品-1430,3,水产,526.59,406.73
1431,商品-1431,4,米面,1840.23,1295.13
1432,商品-1432,5,食用油,2597.15,2148.36
1433,商品-1433,6,乳品,3984.42,2580.29
1434,商品-1434,1,熟食,506.88,420.85
1435,商品-1435,2,饼干,1206.14,898.66
1436,商品-1436,3,饮料,623.56,447.38
1437,商品-1437,4,清洁,1402.74,897.73
1438,商品-1438,5,纸品,189.30,131.18
1439,商品-1439,6,小家电,2325.50,1828.83
1440,商品-1440,1,蔬果,572.36,362.10
1441,商品-1441,2,肉禽,806.01,679.82
1442,商品-1442,3,水产,963.92,780.16
1443,商品-1443,4,米面,1593.73,1053.92
1444,商品-1444,5,食用油,3242.55,1988.20
1445,商品-1445,6,乳品,3604.42,2218.92
1446,商品-1446,1,熟食,217.76,149.12
1447,商品-1447,2,饼干,555.54,372.37
1448,商品-1448,3,饮料,1291.68,883.42
1449,商品-1449,4,清洁,2665.58,1928.29
1450,商品-1450,5,纸品,525.10,394.76
1451,商品-1451,6,小家电,214.96,168.97
1452,商品-1452,1,蔬果,244.40,197.69
1453,商品-1453,2,肉禽,1101.27,930.66
1454,商品-1454,3,水产,578.09,353.75
1455,商品-1455,4,米面,2421.07,1536.86
1456,商品-1456,5,食用油,1601.62,1161.16
1457,商品-1457,6,乳品,3054.97,2407.65
1458,商品-1458,1,熟食,114.03,81.61
1459,商品-1459,2,饼干,1131.85,851.63
1460,商品-1460,3,饮料,63.71,38.63
1461,商品-1461,4,清洁,2464.02,2022.46
1462,商品-1462,5,纸品,3069.54,2592.07
1463,商品-1463,6,小家电,806.92,503.35
1464,商品-1464,1,蔬果,88.66,61.95
1465,商品-1465,2,肉禽,445.74,289.64
1466,商品-1466,3,水产,154.25,97.55
1467,商品-1467,4,米面,1279.36,936.43
1468,商品-1468,5,食用油,404.72,323.30
1469,商品-1469,6,乳品,3876.50,2658.88
1470,商品-1470,1,熟食,379.38,295.63
1471,商品-1471,2,饼干,548.94,329.88
1472,商品-1472,3,饮料,826.70,641.70
1473,商品-1473,4,清洁,459.64,330.75
1474,商品-1474,5,纸品,1042.98,749.06
1475,商品-1475,6,小家电,299.57,214.48
1476,商品-1476,1,蔬果,291.97,234.59
1477,商品-1477,2,肉禽,931.78,623.93
1478,商品-1478,3,水产,1009.34,850.53
1479,商品-1479,4,米面,161.42,97.85
1480,商品-1480,5,食用油,2912.03,2131.67
1481,商品-1481,6,乳品,2952.63,1976.78
1482,商品-1482,1,熟食,167.68,135.19
1483,商品-1483,2,饼干,980.90,668.11
1484,商品-1484,3,饮料,723.34,446.66
1485,商品-1485,4,清洁,2157.58,1576.46
1486,商品-1486,5,纸品,757.44,568.86
1487,商品-1487,6,小家电,3662.12,2749.46
1488,商品-1488,1,蔬果,552.89,457.75
1489,商品-1489,2,肉禽,599.67,443.49
1490,商品-1490,3,水产,748.79,573.45
1491,商品-1491,4,米面,1708.24,1253.47
1492,商品-1492,5,食用油,2700.45,2095.54
1493,商品-1493,6,乳品,3460.22,2221.00
1494,商品-1494,1,熟食,484.31,406.10
1495,商品-1495,2,饼干,113.66,82.06
1496,商品-1496,3,饮料,101.15,78.93
1497,商品-1497,4,清洁,2032.87,1284.26
1498,商品-1498,5,纸品,2400.58,1920.26
1499,商品-1499,6,小家电,3452.10,2903.62
1500,商品-1500,1,蔬果,269.43,183.36
